code,name,sector33,close,pct_from_high,ret_1m,turnover_value,脱落条件
130A0,Ｖｅｒｉｔａｓ　Ｉｎ　Ｓｉｌｉｃｏ,医薬品,402.0,-0.5528364849833147,-0.05411764705882349,5096600.0,押し目ゾーン(-15〜-5%)
13250,野村アセットマネジメント株式会社　ＮＥＸＴ　ＦＵＮＤＳ　ブラジル株式指数・ボベスパ連動型上場投信,その他,288.5,-0.18016481955100871,-0.010291595197255532,3986131.0,押し目ゾーン(-15〜-5%)
13260,ワールド・ゴールド・トラスト・サービシズ・エルエルシー　ＳＰＤＲゴールド・シェア,その他,60280.0,-0.23278605065546643,-0.016639477977161476,424069770.0,押し目ゾーン(-15〜-5%)
13280,野村アセットマネジメント株式会社　ＮＥＸＴ　ＦＵＮＤＳ　金価格連動型上場投信,その他,15550.0,-0.23342371210253887,-0.015822784810126556,559820520.0,押し目ゾーン(-15〜-5%)
13320,ニッスイ,水産・農林業,1213.5,-0.2221153846153846,-0.0690448791714614,2380818450.0,押し目ゾーン(-15〜-5%)
13560,シンプレクス・アセット・マネジメント株式会社　ＴＯＰＩＸベア２倍上場投信,その他,108.4,-0.5621970920840065,-0.006416131989000817,352298460.0,押し目ゾーン(-15〜-5%)
13680,大和アセットマネジメント株式会社　ｉＦｒｅｅＥＴＦ　ＴＯＰＩＸダブルインバース（−２倍）指数,その他,158.0,-0.5611111111111111,0.0,18024981.0,押し目ゾーン(-15〜-5%)
13810,アクシーズ,水産・農林業,3525.0,-0.21492204899777279,-0.013986013986013957,12950500.0,押し目ゾーン(-15〜-5%)
13840,ホクリヨウ,水産・農林業,2017.0,-0.3942942942942943,-0.011758941695247382,30457900.0,押し目ゾーン(-15〜-5%)
14010,エムビーエス,建設業,1278.0,-0.2370149253731343,-0.014649190439475768,3052300.0,押し目ゾーン(-15〜-5%)
14170,ミライト・ワン,建設業,3483.0,-0.16694570676871567,-0.09060052219321146,746480800.0,押し目ゾーン(-15〜-5%)
14190,タマホーム,建設業,2919.0,-0.28368098159509203,-0.026026026026025995,214787800.0,押し目ゾーン(-15〜-5%)
142A0,ジンジブ,サービス業,766.0,-0.251953125,-0.0051948051948051965,1849700.0,押し目ゾーン(-15〜-5%)
14660,大和アセットマネジメント株式会社　ｉＦｒｅｅＥＴＦ　ＪＰＸ日経４００ダブルインバース・インデックス,その他,202.0,-0.5655913978494624,0.015075376884422065,329906.0,押し目ゾーン(-15〜-5%)
14680,,,3370.0,-0.20854861437294503,-0.07696521500958642,902560.0,押し目ゾーン(-15〜-5%)
14690,シンプレクス・アセット・マネジメント株式会社　ＪＰＸ日経４００ベア２倍上場投信（ダブルインバース）,その他,187.6,-0.5830184485441209,-0.011591148577450028,1955093.0,押し目ゾーン(-15〜-5%)
14720,野村アセットマネジメント株式会社　ＮＥＸＴ　ＦＵＮＤＳ　ＪＰＸ日経４００ダブルインバース・インデックス連動型上場投信,その他,79.0,-0.5706521739130435,0.025974025974025983,2502728.0,押し目ゾーン(-15〜-5%)
14850,三菱ＵＦＪアセットマネジメント株式会社　ＭＡＸＩＳ　ＪＡＰＡＮ　設備・人材積極投資企業２００上場投信,その他,50990.0,-0.1774479754799161,0.01980000000000004,50990.0,押し目ゾーン(-15〜-5%)
148A0,ハッチ・ワーク,情報･通信業,1702.0,-0.45008077544426495,-0.0023446658851113966,2039500.0,押し目ゾーン(-15〜-5%)
15400,三菱ＵＦＪ信託銀行株式会社　純金上場信託（現物国内保管型）,その他,19755.0,-0.25452830188679243,-0.011261261261261257,2804407105.0,押し目ゾーン(-15〜-5%)
15730,シンプレクス・アセット・マネジメント株式会社　中国Ｈ株ベア上場投信,その他,8069.0,-0.15622712537906513,-0.12178929037875486,2173490.0,押し目ゾーン(-15〜-5%)
16050,ＩＮＰＥＸ,鉱業,3394.0,-0.3073469387755102,0.0344407192928986,15936753400.0,押し目ゾーン(-15〜-5%)
16180,野村アセットマネジメント株式会社　ＮＥＸＴ　ＦＵＮＤＳ　エネルギー資源（ＴＯＰＩＸ−１７）上場投信,その他,32240.0,-0.22388059701492535,-0.010435850214855713,26234470.0,押し目ゾーン(-15〜-5%)
16330,野村アセットマネジメント株式会社　ＮＥＸＴ　ＦＵＮＤＳ　不動産（ＴＯＰＩＸ−１７）上場投信,その他,48920.0,-0.25312977099236644,-0.08646125116713355,12601760.0,押し目ゾーン(-15〜-5%)
16710,シンプレクス・アセット・マネジメント株式会社　ＷＴＩ原油価格連動型上場投信,その他,4643.0,-0.22305890227576974,0.06907667510937143,1466511953.0,押し目ゾーン(-15〜-5%)
16720,ウィズダムツリー・メタル・セキュリティーズ・リミテッド　ＷｉｓｄｏｍＴｒｅｅ　金上場投資信託,その他,60980.0,-0.23488080301129233,-0.016451612903225832,19690520.0,押し目ゾーン(-15〜-5%)
16760,ウィズダムツリー・メタル・セキュリティーズ・リミテッド　ＷｉｓｄｏｍＴｒｅｅ　貴金属バスケット上場投資信託,その他,40990.0,-0.3368386992396052,-0.012289156626505982,1022970.0,押し目ゾーン(-15〜-5%)
168A0,イタミアート,その他製品,1060.0,-0.46653246099647705,-0.012115563839701804,2132100.0,押し目ゾーン(-15〜-5%)
16900,ウィズダムツリー・コモディティ・セキュリティーズ・リミテッド　ＷｉｓｄｏｍＴｒｅｅ　ＷＴＩ　原油上場投資信託,その他,2138.5,-0.19620372110505546,0.06898275431142209,1644365.0,押し目ゾーン(-15〜-5%)
16990,野村アセットマネジメント株式会社　ＮＥＸＴ　ＦＵＮＤＳ　ＮＯＭＵＲＡ　原油インデックス連動型上場投信,その他,566.0,-0.187015225509911,0.03625045770779933,142306842.0,押し目ゾーン(-15〜-5%)
175A0,Ｗｉｌｌ　Ｓｍａｒｔ,情報･通信業,592.0,-0.6255534471853257,-0.014975041597337757,712100.0,押し目ゾーン(-15〜-5%)
17640,工藤建設,建設業,2675.0,-0.21554252199413493,0.009815024537561445,1071700.0,押し目ゾーン(-15〜-5%)
17730,ワイ・ティー・エル・コーポレーション・バーハッド,建設業,77.0,-0.20618556701030932,0.026666666666666616,304000.0,押し目ゾーン(-15〜-5%)
17880,三東工業社,建設業,4330.0,-0.2783333333333333,-0.012542759407069504,3499000.0,押し目ゾーン(-15〜-5%)
18020,大林組,建設業,3140.0,-0.28894927536231885,-0.0679726921935292,8264472200.0,押し目ゾーン(-15〜-5%)
18080,長谷工コーポレーション,建設業,2659.5,-0.23949099227909632,-0.07286037998954153,2081025700.0,押し目ゾーン(-15〜-5%)
18200,西松建設,建設業,5242.0,-0.23708339397467615,-0.037281910009182684,459056400.0,押し目ゾーン(-15〜-5%)
18350,東鉄工業,建設業,4175.0,-0.28264604810996563,-0.02453271028037385,215256000.0,押し目ゾーン(-15〜-5%)
18440,大盛工業,建設業,462.0,-0.6652173913043478,-0.09233791748526521,49213300.0,押し目ゾーン(-15〜-5%)
18870,日本国土開発,建設業,520.0,-0.2676056338028169,-0.02985074626865669,191025400.0,押し目ゾーン(-15〜-5%)
192A0,インテグループ,サービス業,1208.0,-0.46854377474703035,-0.011456628477905073,2538900.0,押し目ゾーン(-15〜-5%)
19380,日本リーテック,建設業,2504.0,-0.2211508553654743,-0.06427503736920781,301687400.0,押し目ゾーン(-15〜-5%)
19420,関電工,建設業,5684.0,-0.2262455758235774,-0.1650998824911868,7448761500.0,押し目ゾーン(-15〜-5%)
19450,東京エネシス,建設業,2098.0,-0.20620506999621646,-0.035402298850574665,411084600.0,押し目ゾーン(-15〜-5%)
19500,日本電設工業,建設業,3995.0,-0.25046904315196994,-0.08371559633027525,425716000.0,押し目ゾーン(-15〜-5%)
19590,クラフティア,建設業,8272.0,-0.2170373876005679,-0.11510483525887893,1608881900.0,押し目ゾーン(-15〜-5%)
19630,日揮ホールディングス,建設業,2327.0,-0.18721620677610895,-0.05941794664510913,3059888550.0,押し目ゾーン(-15〜-5%)
19670,ヤマト,建設業,2017.0,-0.20055489496630996,0.01001502253380071,89191200.0,押し目ゾーン(-15〜-5%)
19680,太平電業,建設業,2478.0,-0.6413892908827785,-0.03916246607212093,387553700.0,押し目ゾーン(-15〜-5%)
19940,高橋カーテンウォール工業,建設業,565.0,-0.15037593984962405,0.0017730496453900457,9438500.0,押し目ゾーン(-15〜-5%)
20030,日東富士製粉,食料品,1690.0,-0.7749667110519307,-0.04249291784702547,80123400.0,押し目ゾーン(-15〜-5%)
202A0,,,3540.0,-0.19545454545454544,0.0,146050500.0,押し目ゾーン(-15〜-5%)
20920,農林中金全共連アセットマネジメント株式会社　ＮＺＡＭ　上場投信　フランス国債７−１０年（為替ヘッジあり）,その他,4617.0,-0.15993449781659386,-0.007736943907156624,9234.0,押し目ゾーン(-15〜-5%)
211A0,カドス・コーポレーション,建設業,3335.0,-0.3635496183206107,-0.10828877005347592,82954000.0,押し目ゾーン(-15〜-5%)
21270,日本Ｍ＆Ａセンターホールディングス,サービス業,635.5,-0.21134276495408288,-0.07885200753732424,1306457810.0,押し目ゾーン(-15〜-5%)
21300,メンバーズ,サービス業,894.0,-0.3918367346938776,-0.165266106442577,121501500.0,押し目ゾーン(-15〜-5%)
21730,博展,サービス業,710.0,-0.3339587242026266,0.009957325746799528,2418800.0,押し目ゾーン(-15〜-5%)
21830,リニカル,サービス業,207.0,-0.42339832869080785,-0.050458715596330306,6575600.0,押し目ゾーン(-15〜-5%)
22160,カンロ,食料品,1064.0,-0.5630390143737166,-0.06420404573438876,123034100.0,押し目ゾーン(-15〜-5%)
22540,Ｇｌｏｂａｌ　Ｘ　Ｊａｐａｎ株式会社　グローバルＸ　チャイナＥＶ＆バッテリー　ＥＴＦ,その他,1117.0,-0.1946647440519106,-0.04611443210930832,74709989.0,押し目ゾーン(-15〜-5%)
22810,プリマハム,食料品,2310.0,-0.2075471698113207,-0.052502050861361726,911878900.0,押し目ゾーン(-15〜-5%)
22820,日本ハム,食料品,5860.0,-0.20928349750371067,-0.07278481012658233,5675677900.0,押し目ゾーン(-15〜-5%)
22920,Ｓ　Ｆｏｏｄｓ,食料品,2651.0,-0.18430769230769228,-0.022492625368731534,664663100.0,押し目ゾーン(-15〜-5%)
23250,ＮＪＳ,サービス業,4430.0,-0.3368263473053892,0.001129943502824915,64939000.0,押し目ゾーン(-15〜-5%)
23290,東北新社,情報･通信業,500.0,-0.30458970792767737,-0.038461538461538436,12046900.0,押し目ゾーン(-15〜-5%)
23320,クエスト,情報･通信業,1711.0,-0.16455078125,-0.007540603248259892,36281700.0,押し目ゾーン(-15〜-5%)
23370,いちご,不動産業,395.0,-0.24618320610687028,-0.1183035714285714,389119600.0,押し目ゾーン(-15〜-5%)
23420,トランスジェニックグループ,サービス業,214.0,-0.5605749486652978,-0.0092592592592593,5345800.0,押し目ゾーン(-15〜-5%)
237A0,ブラックロック・ジャパン株式会社　ｉシェアーズ　米国債２５年超　ロングデュレーション　ＥＴＦ,その他,148.0,-0.16147308781869685,-0.0864197530864198,173460788.0,押し目ゾーン(-15〜-5%)
23840,ＳＢＳホールディングス,陸運業,4235.0,-0.15637450199203184,0.007134363852556502,256334000.0,押し目ゾーン(-15〜-5%)
23850,総医研ホールディングス,サービス業,213.0,-0.3173076923076923,0.014285714285714235,13664800.0,押し目ゾーン(-15〜-5%)
238A0,ブラックロック・ジャパン株式会社　ｉシェアーズ　米国債２５年超　ロングデュレーション　ＥＴＦ（為替ヘッジあり）,その他,122.8,-0.20978120978120984,-0.06899166034874915,106558376.0,押し目ゾーン(-15〜-5%)
24400,ぐるなび,サービス業,118.0,-0.5547169811320755,-0.05600000000000005,21750100.0,押し目ゾーン(-15〜-5%)
24690,ヒビノ,サービス業,2727.0,-0.36433566433566433,-0.023630504833512367,27897200.0,押し目ゾーン(-15〜-5%)
248A0,キッズスター,情報･通信業,830.0,-0.6291331546023236,-0.02352941176470591,2000400.0,押し目ゾーン(-15〜-5%)
24910,バリューコマース,サービス業,449.0,-0.46356033452807643,-0.0022222222222222365,73103900.0,押し目ゾーン(-15〜-5%)
261A0,日水コン,サービス業,2018.0,-0.41676300578034686,0.004980079681274896,19026200.0,押し目ゾーン(-15〜-5%)
26280,大和アセットマネジメント株式会社　ｉＦｒｅｅＥＴＦ　中国科創板５０（ＳＴＡＲ５０）,その他,3935.0,-0.22233201581027673,-0.13800657174151154,26747685.0,押し目ゾーン(-15〜-5%)
27220,ＩＫホールディングス,小売業,357.0,-0.3602150537634409,0.011331444759206777,1786500.0,押し目ゾーン(-15〜-5%)
27420,ハローズ,小売業,3670.0,-0.30492424242424243,-0.0430247718383312,153243000.0,押し目ゾーン(-15〜-5%)
27760,新都ホールディングス,卸売業,93.0,-0.4624277456647399,-0.021052631578947323,5016700.0,押し目ゾーン(-15〜-5%)
27780,パレモ・ホールディングス,小売業,110.0,-0.31677018633540377,-0.017857142857142905,2481100.0,押し目ゾーン(-15〜-5%)
27840,アルフレッサ　ホールディングス,卸売業,2140.5,-0.20100783874580064,-0.03144796380090498,3347911050.0,押し目ゾーン(-15〜-5%)
28060,ユタカフーズ,食料品,1874.0,-0.17444933920704842,0.008611410118406937,2430700.0,押し目ゾーン(-15〜-5%)
28420,大和アセットマネジメント株式会社　ｉＦｒｅｅＥＴＦ　ＮＡＳＤＡＱ１００インバース,その他,12025.0,-0.23236514522821572,-0.01635991820040905,97625695.0,押し目ゾーン(-15〜-5%)
28700,大和アセットマネジメント株式会社　ｉＦｒｅｅＥＴＦ　ＮＡＳＤＡＱ１００ダブルインバース,その他,7412.0,-0.4354912414318355,-0.04237726098191219,112222671.0,押し目ゾーン(-15〜-5%)
28750,東洋水産,食料品,10175.0,-0.17644678267907732,-0.06694176983035305,6195881200.0,押し目ゾーン(-15〜-5%)
29290,ファーマフーズ,食料品,549.0,-0.47312859884836855,-0.08499999999999996,53666900.0,押し目ゾーン(-15〜-5%)
29300,北の達人コーポレーション,化学,117.0,-0.23026315789473684,-0.0714285714285714,14779800.0,押し目ゾーン(-15〜-5%)
29310,ユーグレナ,食料品,332.0,-0.34901960784313724,-0.05142857142857138,331819500.0,押し目ゾーン(-15〜-5%)
29360,ベースフード,食料品,258.0,-0.5104364326375712,-0.08833922261484095,3894600.0,押し目ゾーン(-15〜-5%)
29380,オカムラ食品工業,食料品,1265.0,-0.21574705517668935,-0.004720692368214041,55927500.0,押し目ゾーン(-15〜-5%)
29700,ＧＬＣ　ＧＲＯＵＰ,不動産業,974.0,-0.7689205219454329,0.025263157894736876,17186000.0,押し目ゾーン(-15〜-5%)
29720,サンケイリアルエステート投資法人,その他,110200.0,-0.1732933233308327,-0.045887445887445866,286017800.0,押し目ゾーン(-15〜-5%)
29780,ツクルバ,不動産業,349.0,-0.432520325203252,0.014534883720930258,1645500.0,押し目ゾーン(-15〜-5%)
29790,ＳＯＳｉＬＡ物流リート投資法人,その他,105900.0,-0.2207505518763797,-0.06860158311345643,224888700.0,押し目ゾーン(-15〜-5%)
29910,ランドネット,不動産業,557.0,-0.6529595015576324,-0.06543624161073824,8176600.0,押し目ゾーン(-15〜-5%)
30040,神栄,卸売業,2035.0,-0.26134301270417426,-0.08744394618834084,25042500.0,押し目ゾーン(-15〜-5%)
30210,パシフィックネット,サービス業,1620.0,-0.3499197431781701,-0.10299003322259137,16697400.0,押し目ゾーン(-15〜-5%)
30300,ハブ,小売業,825.0,-0.23611111111111116,0.0036496350364962904,10462600.0,押し目ゾーン(-15〜-5%)
30590,ヒラキ,小売業,709.0,-0.1648998822143698,0.0028288543140029265,2555700.0,押し目ゾーン(-15〜-5%)
30890,テクノアルファ,卸売業,1049.0,-0.2710215427380125,0.01745877788554795,4473000.0,押し目ゾーン(-15〜-5%)
31160,トヨタ紡織,輸送用機器,2171.0,-0.3375038144644492,-0.029069767441860517,1877957150.0,押し目ゾーン(-15〜-5%)
314A0,ブラックロック・ジャパン株式会社　ｉシェアーズ　ゴールド　ＥＴＦ,その他,311.0,-0.23266716012830002,-0.018308080808080884,578200830.0,押し目ゾーン(-15〜-5%)
31570,ジオリーブグループ,卸売業,1352.0,-0.20657276995305163,-0.07333790267306373,53145600.0,押し目ゾーン(-15〜-5%)
31740,ハピネス・アンド・ディ,小売業,407.0,-0.4386206896551724,-0.01927710843373498,7235400.0,押し目ゾーン(-15〜-5%)
31860,ネクステージ,小売業,3530.0,-0.166469893742621,-0.07227332457293034,1297586500.0,押し目ゾーン(-15〜-5%)
318A0,ＶＩＸ短期先物指数ＥＴＦ,その他,418.9,-0.5187823090178059,-0.04556846662109815,269750003.0,押し目ゾーン(-15〜-5%)
32020,ダイトウボウ,繊維製品,126.0,-0.16000000000000003,-0.015625,3909000.0,押し目ゾーン(-15〜-5%)
32240,ゼネラル・オイスター,小売業,701.0,-0.19794050343249425,-0.005673758865248235,2100400.0,押し目ゾーン(-15〜-5%)
32310,野村不動産ホールディングス,不動産業,897.8,-0.2276989247311828,-0.06332811684924367,5437201870.0,押し目ゾーン(-15〜-5%)
32360,プロパスト,不動産業,273.0,-0.3341463414634146,-0.010869565217391353,12436200.0,押し目ゾーン(-15〜-5%)
323A0,フライヤー,情報･通信業,361.0,-0.5650602409638554,-0.11951219512195121,2210600.0,押し目ゾーン(-15〜-5%)
32420,アーバネットコーポレーション,不動産業,498.0,-0.20447284345047922,0.00809716599190291,24619400.0,押し目ゾーン(-15〜-5%)
32520,地主,不動産業,2856.0,-0.20445682451253477,-0.023255813953488413,242529000.0,押し目ゾーン(-15〜-5%)
32660,ファンドクリエーショングループ,不動産業,79.0,-0.3416666666666667,-0.059523809523809534,2681700.0,押し目ゾーン(-15〜-5%)
32670,フィル・カンパニー,建設業,623.0,-0.48212801330008315,-0.1347222222222222,10532600.0,押し目ゾーン(-15〜-5%)
32800,エストラスト,不動産業,915.0,-0.24876847290640391,-0.07388663967611331,13545700.0,押し目ゾーン(-15〜-5%)
32860,トラストホールディングス,不動産業,868.0,-0.23658751099384345,-0.023622047244094446,1040100.0,押し目ゾーン(-15〜-5%)
32880,オープンハウスグループ,不動産業,8336.0,-0.29025117071094086,-0.05444646098003625,2011490400.0,押し目ゾーン(-15〜-5%)
32890,東急不動産ホールディングス,不動産業,1285.0,-0.18773704171934258,-0.03997011580127008,3940003700.0,押し目ゾーン(-15〜-5%)
33090,積水ハウス・リート投資法人,その他,74400.0,-0.21930745015739772,-0.03626943005181349,1027201200.0,押し目ゾーン(-15〜-5%)
33470,,,408.0,-0.15000000000000002,-0.0024449877750610804,7923100.0,押し目ゾーン(-15〜-5%)
33880,明治電機工業,卸売業,2063.0,-0.1780876494023904,-0.04313543599257885,82689900.0,押し目ゾーン(-15〜-5%)
33950,サンマルクホールディングス,小売業,2458.0,-0.22460567823343847,-0.04728682170542631,203695100.0,押し目ゾーン(-15〜-5%)
339A0,プログレス・テクノロジーズ　グループ,サービス業,872.0,-0.4406670942912123,-0.0830704521556257,9258500.0,押し目ゾーン(-15〜-5%)
340A0,ジグザグ,情報･通信業,304.0,-0.8405036726128017,-0.17391304347826086,5316400.0,押し目ゾーン(-15〜-5%)
34170,大木ヘルスケアホールディングス,卸売業,1054.0,-0.27956254272043746,-0.11129848229342332,461881000.0,押し目ゾーン(-15〜-5%)
34370,特殊電極,金属製品,2752.0,-0.25621621621621626,0.04638783269961988,275200.0,押し目ゾーン(-15〜-5%)
34400,日創グループ,金属製品,884.0,-0.25021204410517384,-0.054545454545454564,14774400.0,押し目ゾーン(-15〜-5%)
34570,Ａｎｄ　Ｄｏホールディングス,不動産業,922.0,-0.18694885361552027,-0.0485036119711042,60420900.0,押し目ゾーン(-15〜-5%)
34630,いちごホテルリート投資法人,その他,109500.0,-0.2283298097251586,-0.08444816053511706,98569000.0,押し目ゾーン(-15〜-5%)
34950,香陵住販,不動産業,2371.0,-0.16952714535901925,0.011087420042643847,237100.0,押し目ゾーン(-15〜-5%)
36270,テクミラホールディングス,情報･通信業,265.0,-0.18711656441717794,-0.046762589928057596,19677200.0,押し目ゾーン(-15〜-5%)
36450,メディカルネット,情報･通信業,244.0,-0.2606060606060606,-0.012145748987854255,1338500.0,押し目ゾーン(-15〜-5%)
36480,ＡＧＳ,情報･通信業,1010.0,-0.34627831715210355,-0.09579230080572965,16586400.0,押し目ゾーン(-15〜-5%)
36780,メディアドゥ,情報･通信業,1217.0,-0.37939826619071904,-0.0883895131086142,42812100.0,押し目ゾーン(-15〜-5%)
36800,ホットリンク,情報･通信業,211.0,-0.42349726775956287,-0.032110091743119296,2457600.0,押し目ゾーン(-15〜-5%)
36940,オプティム,情報･通信業,406.0,-0.37054263565891477,-0.019323671497584516,20710300.0,押し目ゾーン(-15〜-5%)
36950,ＧＭＯプロダクトプラットフォーム,情報･通信業,1465.0,-0.47092813289996394,0.02375960866526894,7563700.0,押し目ゾーン(-15〜-5%)
37790,ジェイ・エスコムホールディングス,情報･通信業,130.0,-0.6821515892420538,-0.015151515151515138,4053200.0,押し目ゾーン(-15〜-5%)
38070,フィスコ,情報･通信業,86.0,-0.5904761904761905,-0.0337078651685393,11784100.0,押し目ゾーン(-15〜-5%)
38400,パス,情報･通信業,56.0,-0.5172413793103448,-0.08196721311475408,6028300.0,押し目ゾーン(-15〜-5%)
38480,データ・アプリケーション,情報･通信業,824.0,-0.25429864253393664,0.0,492300.0,押し目ゾーン(-15〜-5%)
38540,アイル,情報･通信業,2198.0,-0.2733884297520661,-0.10577705451586661,132733100.0,押し目ゾーン(-15〜-5%)
38580,ユビキタスＡＩ,情報･通信業,294.0,-0.415506958250497,-0.010101010101010055,3468100.0,押し目ゾーン(-15〜-5%)
38920,岡山製紙,パルプ・紙,1602.0,-0.1969924812030075,-0.04982206405693945,1446600.0,押し目ゾーン(-15〜-5%)
39110,Ａｉｍｉｎｇ,情報･通信業,175.0,-0.4299674267100977,-0.15048543689320393,75214300.0,押し目ゾーン(-15〜-5%)
39140,ＪＩＧ−ＳＡＷ,情報･通信業,2280.0,-0.43842364532019706,-0.03959561920808763,80642600.0,押し目ゾーン(-15〜-5%)
39220,ＰＲ　ＴＩＭＥＳ,情報･通信業,2045.0,-0.38772455089820357,-0.15565648224607764,68687300.0,押し目ゾーン(-15〜-5%)
40050,住友化学,化学,489.4,-0.21520205259781922,-0.08659947741694662,15069198910.0,押し目ゾーン(-15〜-5%)
40570,インターファクトリー,情報･通信業,351.0,-0.33396584440227706,-0.0539083557951483,457600.0,押し目ゾーン(-15〜-5%)
40630,信越化学工業,化学,6163.0,-0.21047911862669744,-0.13900530874545958,54284623200.0,押し目ゾーン(-15〜-5%)
40710,プラスアルファ・コンサルティング,情報･通信業,2253.0,-0.24192462987886942,-0.23315180394826418,452937100.0,押し目ゾーン(-15〜-5%)
40980,チタン工業,化学,1057.0,-0.2608391608391608,0.010516252390057268,4148700.0,押し目ゾーン(-15〜-5%)
41120,保土谷化学工業,化学,2128.0,-0.18467432950191576,0.04058679706601476,113496500.0,押し目ゾーン(-15〜-5%)
415A0,ＧＭＯ　ＴＥＣＨホールディングス,サービス業,4795.0,-0.16024518388791598,0.002089864158829613,961500.0,押し目ゾーン(-15〜-5%)
41780,Ｓｈａｒｉｎｇ　Ｉｎｎｏｖａｔｉｏｎｓ,情報･通信業,496.0,-0.40312876052948254,-0.04061895551257255,148800.0,押し目ゾーン(-15〜-5%)
41980,テンダ,情報･通信業,491.0,-0.3199445983379502,-0.014056224899598346,5469900.0,押し目ゾーン(-15〜-5%)
42160,旭有機材,化学,6230.0,-0.20737913486005088,-0.08112094395280234,536378000.0,押し目ゾーン(-15〜-5%)
424A0,Ｇｌｏｂａｌ　Ｘ　Ｊａｐａｎ株式会社　グローバルＸ　ゴールド　ＥＴＦ（為替ヘッジあり）,その他,318.6,-0.2739288969917958,0.006635071090047573,23389997.0,押し目ゾーン(-15〜-5%)
425A0,Ｇｌｏｂａｌ　Ｘ　Ｊａｐａｎ株式会社　グローバルＸ　ゴールド　ＥＴＦ,その他,351.6,-0.23197903014416776,-0.015677491601343685,115218247.0,押し目ゾーン(-15〜-5%)
42600,ハイブリッドテクノロジーズ,情報･通信業,212.0,-0.5137614678899083,-0.11297071129707115,1571500.0,押し目ゾーン(-15〜-5%)
42700,ＢｅｅＸ,情報･通信業,1831.0,-0.2844861273935131,-0.027615507169410525,1287300.0,押し目ゾーン(-15〜-5%)
43340,ユークス,情報･通信業,378.0,-0.20253164556962022,0.005319148936170137,3332100.0,押し目ゾーン(-15〜-5%)
43450,シーティーエス,サービス業,812.0,-0.26181818181818184,-0.06987399770904923,159487000.0,押し目ゾーン(-15〜-5%)
43470,ブロードメディア,サービス業,1634.0,-0.33142389525368243,-0.07159090909090904,14315200.0,押し目ゾーン(-15〜-5%)
43740,ＲＯＢＯＴ　ＰＡＹＭＥＮＴ,情報･通信業,2329.0,-0.3345714285714285,-0.02998750520616411,15740100.0,押し目ゾーン(-15〜-5%)
43760,くふうカンパニーホールディングス,情報･通信業,157.0,-0.21499999999999997,0.0064102564102563875,804100.0,押し目ゾーン(-15〜-5%)
43820,ＨＥＲＯＺ,情報･通信業,713.0,-0.4282277465918204,-0.008344923504867818,26882200.0,押し目ゾーン(-15〜-5%)
43870,ＺＵＵ,情報･通信業,479.0,-0.34652114597544337,0.03455723542116629,771900.0,押し目ゾーン(-15〜-5%)
43880,エーアイ,情報･通信業,364.0,-0.3476702508960573,-0.010869565217391353,1197200.0,押し目ゾーン(-15〜-5%)
44290,リックソフト,情報･通信業,697.0,-0.42205638474295193,-0.015536723163841804,488100.0,押し目ゾーン(-15〜-5%)
44300,東海ソフト,情報･通信業,1621.0,-0.1895,-0.036838978015448554,6464100.0,押し目ゾーン(-15〜-5%)
44370,ｇｏｏｄｄａｙｓホールディングス,情報･通信業,795.0,-0.3369474562135113,-0.028117359413202925,5876800.0,押し目ゾーン(-15〜-5%)
447A0,ステート・ストリート・グローバル・アドバイザーズ株式会社　ステート・ストリート・スパイダー　ゴールド　ＥＴＦ（為替ヘッジなし）,その他,262.1,-0.23115283074215298,-0.029259259259259207,29970865.0,押し目ゾーン(-15〜-5%)
44860,ユナイトアンドグロウ,情報･通信業,631.0,-0.1826424870466321,0.0031796502384737746,2028600.0,押し目ゾーン(-15〜-5%)
44870,スペースマーケット,情報･通信業,225.0,-0.48275862068965514,0.027397260273972712,334100.0,押し目ゾーン(-15〜-5%)
448A0,ステート・ストリート・グローバル・アドバイザーズ株式会社　ステート・ストリート・スパイダー　ゴールド　ＥＴＦ（為替ヘッジあり）,その他,250.7,-0.26802919708029205,0.008853118712273567,2581155.0,押し目ゾーン(-15〜-5%)
44940,,,680.0,-0.26803013993541447,0.02874432677760974,11275200.0,押し目ゾーン(-15〜-5%)
45030,アステラス製薬,医薬品,2159.0,-0.18758231420507998,-0.00712807541963667,11607176550.0,押し目ゾーン(-15〜-5%)
45070,塩野義製薬,医薬品,2758.0,-0.24727074235807855,-0.051907872121003784,8701164550.0,押し目ゾーン(-15〜-5%)
45160,日本新薬,医薬品,3473.0,-0.42547559966914805,-0.15724338752729916,1222405600.0,押し目ゾーン(-15〜-5%)
45190,中外製薬,医薬品,6688.0,-0.3603060736489718,-0.12230971128608925,18539549600.0,押し目ゾーン(-15〜-5%)
45210,科研製薬,医薬品,3765.0,-0.15107102593010147,0.0,698775500.0,押し目ゾーン(-15〜-5%)
45310,有機合成薬品工業,化学,346.0,-0.3854351687388987,-0.04683195592286504,21160500.0,押し目ゾーン(-15〜-5%)
45540,富士製薬工業,医薬品,1819.0,-0.279889152810768,-0.047145102147721274,162060400.0,押し目ゾーン(-15〜-5%)
45820,シンバイオ製薬,医薬品,71.0,-0.6467661691542288,-0.0273972602739726,18737200.0,押し目ゾーン(-15〜-5%)
45870,ペプチドリーム,医薬品,973.7,-0.4538979248457655,-0.06689027311930995,623436940.0,押し目ゾーン(-15〜-5%)
46280,エスケー化研,化学,8760.0,-0.24935732647814912,-0.042622950819672156,38332000.0,押し目ゾーン(-15〜-5%)
46850,菱友システムズ,情報･通信業,2632.0,-0.680969696969697,-0.10779661016949149,142075100.0,押し目ゾーン(-15〜-5%)
469A0,フィットクルー,サービス業,1452.0,-0.5691394658753709,-0.1393005334914048,2317400.0,押し目ゾーン(-15〜-5%)
47090,ＩＤホールディングス,情報･通信業,1011.0,-0.6027504911591355,-0.07247706422018352,61031000.0,押し目ゾーン(-15〜-5%)
47350,京進,サービス業,307.0,-0.20876288659793818,-0.09171597633136097,578900.0,押し目ゾーン(-15〜-5%)
47770,ガーラ,情報･通信業,200.0,-0.17695473251028804,0.005025125628140614,2325600.0,押し目ゾーン(-15〜-5%)
48140,ネクストウェア,情報･通信業,155.0,-0.38247011952191234,0.026490066225165476,2974100.0,押し目ゾーン(-15〜-5%)
48250,ウェザーニューズ,情報･通信業,1960.0,-0.5937823834196891,-0.06443914081145585,251321200.0,押し目ゾーン(-15〜-5%)
48320,ＪＦＥシステムズ,情報･通信業,1880.0,-0.2385581206966383,-0.07206317867719647,34896400.0,押し目ゾーン(-15〜-5%)
48390,ＷＯＷＯＷ,情報･通信業,979.0,-0.463855421686747,-0.026838966202783254,107523900.0,押し目ゾーン(-15〜-5%)
48800,セルソース,医薬品,308.0,-0.5625,-0.06382978723404253,6781700.0,押し目ゾーン(-15〜-5%)
48850,室町ケミカル,医薬品,888.0,-0.3422222222222222,-0.04103671706263501,9375800.0,押し目ゾーン(-15〜-5%)
48920,サイフューズ,医薬品,522.0,-0.3104359313077939,-0.04744525547445255,9925400.0,押し目ゾーン(-15〜-5%)
49760,東洋ドライルーブ,化学,1294.0,-0.7211206896551724,-0.005380476556494984,260400.0,押し目ゾーン(-15〜-5%)
49790,ＯＡＴアグリオ,化学,2416.0,-0.21174551386623164,-0.032438926712054506,24596700.0,押し目ゾーン(-15〜-5%)
49870,,,561.0,-0.15892053973013498,0.0,40173400.0,押し目ゾーン(-15〜-5%)
50190,出光興産,石油･石炭製品,1241.0,-0.2519590114526823,0.004451639012545527,5812584700.0,押し目ゾーン(-15〜-5%)
50340,ｕｎｅｒｒｙ,情報･通信業,2008.0,-0.5155609167671894,-0.13708637730984097,60326400.0,押し目ゾーン(-15〜-5%)
50350,ＨＯＵＳＥＩ,情報･通信業,357.0,-0.30000000000000004,-0.019230769230769273,247700.0,押し目ゾーン(-15〜-5%)
51250,ファインズ,情報･通信業,469.0,-0.5533333333333333,0.008602150537634357,2356700.0,押し目ゾーン(-15〜-5%)
51310,リンカーズ,情報･通信業,114.0,-0.525,-0.16788321167883213,2797800.0,押し目ゾーン(-15〜-5%)
52470,ＢＴＭ,情報･通信業,553.0,-0.5860778443113772,0.04339622641509444,773300.0,押し目ゾーン(-15〜-5%)
52480,テクノロジーズ,情報･通信業,460.0,-0.4444444444444444,-0.13043478260869568,14756000.0,押し目ゾーン(-15〜-5%)
52500,ＧＭＯプライム・ストラテジー,情報･通信業,1032.0,-0.32768729641693806,-0.07443946188340811,309600.0,押し目ゾーン(-15〜-5%)
52590,,,990.0,-0.458128078817734,-0.0030211480362537513,44257600.0,押し目ゾーン(-15〜-5%)
52680,旭コンクリート工業,ガラス･土石製品,826.0,-0.3386709367493995,-0.03391812865497079,2629800.0,押し目ゾーン(-15〜-5%)
52800,ヨシコン,不動産業,2150.0,-0.31746031746031744,-0.05161005734450819,29030200.0,押し目ゾーン(-15〜-5%)
52830,高見澤,卸売業,2970.0,-0.21635883905013198,0.018867924528301883,4158000.0,押し目ゾーン(-15〜-5%)
52870,イトーヨーギョー,ガラス･土石製品,836.0,-0.5076560659599529,-0.014150943396226467,6200500.0,押し目ゾーン(-15〜-5%)
54460,北越メタル,鉄鋼,1091.0,-0.17846385542168675,-0.056228373702422174,84564200.0,押し目ゾーン(-15〜-5%)
55630,新日本電工,鉄鋼,412.0,-0.246800731261426,-0.07623318385650224,1007839200.0,押し目ゾーン(-15〜-5%)
55700,ジェノバ,情報･通信業,614.0,-0.27934272300469487,-0.025396825396825418,9620100.0,押し目ゾーン(-15〜-5%)
55710,エキサイトホールディングス,情報･通信業,995.0,-0.3180260452364634,0.0184237461617196,1190500.0,押し目ゾーン(-15〜-5%)
55780,ＡＲアドバンストテクノロジ,情報･通信業,822.0,-0.7784366576819407,-0.12366737739872069,31795300.0,押し目ゾーン(-15〜-5%)
56160,雨風太陽,情報･通信業,623.0,-0.5012009607686149,-0.03410852713178292,813300.0,押し目ゾーン(-15〜-5%)
568A0,ブラックロック・ジャパン株式会社　ｉシェアーズ　シルバー　ＥＴＦ,その他,159.0,-0.216362740266141,-0.022741241548862923,23759537.0,押し目ゾーン(-15〜-5%)
577A0,Ｇｌｏｂａｌ　Ｘ　Ｊａｐａｎ株式会社　グローバルＸ　シルバー　ＥＴＦ,その他,239.0,-0.2163934426229508,-0.01565074135090616,6025140.0,押し目ゾーン(-15〜-5%)
58520,アーレスティ,非鉄金属,666.0,-0.3048016701461378,-0.07756232686980613,196062800.0,押し目ゾーン(-15〜-5%)
585A0,ＪＡＭＰファンド・マネジメント株式会社　日本バリュー・ボトムアップ株式投資戦略アクティブＥＴＦ,その他,1070.0,-0.1581431943351692,0.01904761904761898,477897.0,押し目ゾーン(-15〜-5%)
58710,ＳＯＬＩＺＥ　Ｈｏｌｄｉｎｇｓ,サービス業,1310.0,-0.31052631578947365,-0.023845007451564815,8115100.0,押し目ゾーン(-15〜-5%)
58880,ＤＡＩＷＡ　ＣＹＣＬＥ,小売業,2735.0,-0.3805209513023783,-0.08681135225375625,13030400.0,押し目ゾーン(-15〜-5%)
59150,駒井ハルテック,金属製品,2266.0,-0.20658263305322133,-0.01819757365684571,8314300.0,押し目ゾーン(-15〜-5%)
59300,文化シヤッター,金属製品,1789.0,-0.34660336011687365,-0.07592975206611574,507214600.0,押し目ゾーン(-15〜-5%)
59870,オーネックス,金属製品,1631.0,-0.4309141660851361,-0.06264367816091954,163100.0,押し目ゾーン(-15〜-5%)
59940,ファインシンター,金属製品,969.0,-0.5532503457814661,-0.058309037900874605,11871600.0,押し目ゾーン(-15〜-5%)
60350,アイ・アールジャパンホールディングス,サービス業,703.0,-0.21276595744680848,-0.016783216783216814,14580500.0,押し目ゾーン(-15〜-5%)
60380,イード,サービス業,807.0,-0.20726915520628686,-0.0073800738007380184,2584900.0,押し目ゾーン(-15〜-5%)
60400,日本スキー場開発,サービス業,440.0,-0.3015873015873016,-0.14230019493177393,25412000.0,押し目ゾーン(-15〜-5%)
60480,,,95.0,-0.29104477611940294,-0.020618556701030966,56016800.0,押し目ゾーン(-15〜-5%)
60490,イトクロ,サービス業,246.0,-0.1854304635761589,-0.012048192771084376,2899900.0,押し目ゾーン(-15〜-5%)
60900,ヒューマン・メタボローム・テクノロジーズ,サービス業,592.0,-0.2515802781289507,-0.018242122719734688,1598800.0,押し目ゾーン(-15〜-5%)
61040,芝浦機械,機械,4095.0,-0.16683621566632756,-0.07457627118644072,767711000.0,押し目ゾーン(-15〜-5%)
61370,小池酸素工業,機械,1526.0,-0.3498082658713251,0.001969796454366346,33513600.0,押し目ゾーン(-15〜-5%)
61570,日進工具,機械,841.0,-0.1787109375,-0.11099365750528545,119513500.0,押し目ゾーン(-15〜-5%)
61590,ミクロン精密,機械,1799.0,-0.3493670886075949,-0.01961852861035418,179900.0,押し目ゾーン(-15〜-5%)
61820,メタリアル,サービス業,453.0,-0.3105022831050228,-0.15955473098330242,9985400.0,押し目ゾーン(-15〜-5%)
61850,ＳＭＮ,サービス業,362.0,-0.2957198443579766,-0.08121827411167515,8176300.0,押し目ゾーン(-15〜-5%)
61950,ホープ,サービス業,212.0,-0.15873015873015872,-0.0046948356807511304,2287500.0,押し目ゾーン(-15〜-5%)
61980,キャリア,サービス業,214.0,-0.31629392971246006,-0.06140350877192979,170300.0,押し目ゾーン(-15〜-5%)
62240,ＪＲＣ,機械,1112.0,-0.3815350389321468,-0.18475073313782986,27992700.0,押し目ゾーン(-15〜-5%)
62940,オカダアイヨン,機械,1997.0,-0.21160679036715357,-0.01236399604352123,41312400.0,押し目ゾーン(-15〜-5%)
63260,クボタ,機械,2622.5,-0.1910857495373226,-0.056145402195429184,27721860150.0,押し目ゾーン(-15〜-5%)
63310,三菱化工機,機械,3255.0,-0.21471652593486124,-0.1610824742268041,618363500.0,押し目ゾーン(-15〜-5%)
63460,キクカワエンタープライズ,機械,5700.0,-0.16422287390029322,0.008849557522123908,570000.0,押し目ゾーン(-15〜-5%)
63650,電業社機械製作所,機械,5200.0,-0.17329093799682038,-0.044117647058823484,9942000.0,押し目ゾーン(-15〜-5%)
63820,トリニティ工業,機械,1210.0,-0.1768707482993197,-0.028892455858748,26355500.0,押し目ゾーン(-15〜-5%)
64000,不二精機,機械,261.0,-0.2042682926829268,0.0,1671800.0,押し目ゾーン(-15〜-5%)
64080,小倉クラッチ,機械,4175.0,-0.17976424361493126,0.030864197530864113,417500.0,押し目ゾーン(-15〜-5%)
64720,ＮＴＮ,機械,387.6,-0.1914893617021276,-0.04011887072808318,3818158700.0,押し目ゾーン(-15〜-5%)
64890,,,1719.0,-0.25130662020905925,-0.08320000000000005,147654500.0,押し目ゾーン(-15〜-5%)
65350,アイモバイル,サービス業,475.0,-0.3055555555555556,-0.09695817490494296,223844600.0,押し目ゾーン(-15〜-5%)
65370,ＷＡＳＨハウス,サービス業,305.0,-0.42452830188679247,-0.049844236760124616,7596000.0,押し目ゾーン(-15〜-5%)
65400,船場,サービス業,1478.0,-0.25315816068721575,-0.02570863546473301,10649300.0,押し目ゾーン(-15〜-5%)
65440,ジャパンエレベーターサービスホールディングス,サービス業,1651.5,-0.6049043062200956,-0.11328859060402685,760456000.0,押し目ゾーン(-15〜-5%)
65520,ＧａｍｅＷｉｔｈ,サービス業,172.0,-0.3509433962264151,-0.11794871794871797,1693400.0,押し目ゾーン(-15〜-5%)
65690,,,775.0,-0.16487068965517238,-0.08284023668639051,106904400.0,押し目ゾーン(-15〜-5%)
66320,ＪＶＣケンウッド,電気機器,938.3,-0.34590449634018827,-0.18832179930795856,4281185860.0,押し目ゾーン(-15〜-5%)
66330,ＣＧＳホールディングス,電気機器,329.0,-0.1995133819951338,-0.012012012012011963,1237800.0,押し目ゾーン(-15〜-5%)
66580,シライ電子工業,電気機器,436.0,-0.4840236686390532,-0.02460850111856827,38866700.0,押し目ゾーン(-15〜-5%)
66630,太洋テクノレックス,電気機器,301.0,-0.3159090909090909,-0.022727272727272707,16273700.0,押し目ゾーン(-15〜-5%)
66640,オプトエレクトロニクス,電気機器,235.0,-0.4139650872817955,-0.04081632653061229,1337200.0,押し目ゾーン(-15〜-5%)
67630,帝国通信工業,電気機器,2712.0,-0.16166924265842353,-0.06385916465308938,23105800.0,押し目ゾーン(-15〜-5%)
67710,池上通信機,電気機器,661.0,-0.22599531615925061,0.03930817610062887,8484700.0,押し目ゾーン(-15〜-5%)
67750,ＴＢグループ,電気機器,120.0,-0.37823834196891193,-0.016393442622950838,5881000.0,押し目ゾーン(-15〜-5%)
67780,アルチザネットワークス,電気機器,607.0,-0.18523489932885906,-0.18523489932885906,30646600.0,押し目ゾーン(-15〜-5%)
68030,ティアック,電気機器,96.0,-0.28358208955223885,-0.06796116504854366,32476700.0,押し目ゾーン(-15〜-5%)
68220,大井電気,電気機器,4925.0,-0.21073717948717952,-0.09633027522935778,24162000.0,押し目ゾーン(-15〜-5%)
68670,リーダー電子,電気機器,415.0,-0.25493716337522443,-0.06950672645739908,2278800.0,押し目ゾーン(-15〜-5%)
68700,日本フェンオール,電気機器,2264.0,-0.20533520533520533,-0.11734892787524365,48939200.0,押し目ゾーン(-15〜-5%)
68880,アクモス,情報･通信業,477.0,-0.16753926701570676,0.014893617021276562,12112100.0,押し目ゾーン(-15〜-5%)
68980,トミタ電機,電気機器,3550.0,-0.21111111111111114,-0.01388888888888884,4976500.0,押し目ゾーン(-15〜-5%)
69020,デンソー,輸送用機器,1919.0,-0.17105831533477323,-0.03324937027707808,16710907150.0,押し目ゾーン(-15〜-5%)
69080,イリソ電子工業,電気機器,2823.0,-0.26484375000000004,-0.02318339100346023,597734600.0,押し目ゾーン(-15〜-5%)
69260,岡谷電機産業,電気機器,188.0,-0.2100840336134454,0.016216216216216273,3818000.0,押し目ゾーン(-15〜-5%)
69270,ヘリオス　テクノ　ホールディング,電気機器,924.0,-0.3385826771653543,-0.022222222222222254,154874500.0,押し目ゾーン(-15〜-5%)
69300,,,823.0,-0.2456461961503208,-0.014371257485029987,19547800.0,押し目ゾーン(-15〜-5%)
69540,ファナック,電気機器,6460.0,-0.23350735643094445,-0.08653846153846156,55182094600.0,押し目ゾーン(-15〜-5%)
70040,カナデビア,機械,1233.0,-0.15141087405368203,-0.06520090978013648,782524200.0,押し目ゾーン(-15〜-5%)
70340,プロレド・パートナーズ,サービス業,352.0,-0.5588972431077694,0.03834808259587019,5373100.0,押し目ゾーン(-15〜-5%)
70380,フロンティア・マネジメント,サービス業,554.0,-0.24830393487109903,0.0036231884057971175,6173800.0,押し目ゾーン(-15〜-5%)
70730,ジェイック,サービス業,2220.0,-0.21720733427362482,-0.1321344800625489,3333000.0,押し目ゾーン(-15〜-5%)
70780,ＩＮＣＬＵＳＩＶＥ　Ｈｏｌｄｉｎｇｓ,サービス業,340.0,-0.3928571428571429,-0.031339031339031376,2979800.0,押し目ゾーン(-15〜-5%)
70970,さくらさくプラス,サービス業,2674.0,-0.18351145038167938,-0.11162790697674418,22203300.0,押し目ゾーン(-15〜-5%)
71100,クラシコム,小売業,2000.0,-0.15682967959527827,-0.021526418786692814,6004100.0,押し目ゾーン(-15〜-5%)
71120,キューブ,小売業,715.0,-0.23611111111111116,0.0185185185185186,1623500.0,押し目ゾーン(-15〜-5%)
71400,ペットゴー,小売業,801.0,-0.17761806981519512,-0.0012468827930174342,961900.0,押し目ゾーン(-15〜-5%)
71500,島根銀行,銀行業,479.0,-0.286140089418778,-0.03232323232323231,9530400.0,押し目ゾーン(-15〜-5%)
72050,,,387.0,-0.20239076669414668,-0.12045454545454548,2717901900.0,押し目ゾーン(-15〜-5%)
72220,日産車体,輸送用機器,941.0,-0.2789272030651341,-0.01051524710830709,71502100.0,押し目ゾーン(-15〜-5%)
72240,新明和工業,輸送用機器,1996.0,-0.2669849430774881,-0.029182879377431914,248954300.0,押し目ゾーン(-15〜-5%)
72590,アイシン,輸送用機器,2202.0,-0.2887596899224806,-0.06990496304118266,6058741550.0,押し目ゾーン(-15〜-5%)
72710,安永,輸送用機器,993.0,-0.24371667936024377,-0.010956175298804771,39533200.0,押し目ゾーン(-15〜-5%)
72730,イクヨ,輸送用機器,608.0,-0.5220125786163522,-0.031847133757961776,31610100.0,押し目ゾーン(-15〜-5%)
73250,アイリックコーポレーション,保険業,696.0,-0.29268292682926833,0.037257824143070106,1456100.0,押し目ゾーン(-15〜-5%)
73260,ＳＢＩインシュアランスグループ,保険業,2097.0,-0.17505900865460267,0.007204610951008661,24008600.0,押し目ゾーン(-15〜-5%)
73450,アイ・パートナーズフィナンシャル,その他金融業,954.0,-0.21931260229132565,0.00952380952380949,4289200.0,押し目ゾーン(-15〜-5%)
73510,グッドパッチ,サービス業,437.0,-0.5567951318458417,-0.04585152838427953,2138000.0,押し目ゾーン(-15〜-5%)
73700,Ｅｎｊｉｎ,サービス業,705.0,-0.24193548387096775,-0.03424657534246578,2399700.0,押し目ゾーン(-15〜-5%)
73730,アイドマ・ホールディングス,サービス業,939.0,-0.7083850931677018,-0.251792828685259,138137900.0,押し目ゾーン(-15〜-5%)
74190,ノジマ,小売業,1290.0,-0.6818742293464859,-0.047970479704797064,1206551700.0,押し目ゾーン(-15〜-5%)
74340,オータケ,卸売業,1784.0,-0.15007146260123871,-0.008337965536409087,894500.0,押し目ゾーン(-15〜-5%)
74770,ムラキ,卸売業,1623.0,-0.3304455445544554,-0.11311475409836069,5625300.0,押し目ゾーン(-15〜-5%)
75710,ヤマノホールディングス,小売業,81.0,-0.5573770491803278,-0.05813953488372092,13335600.0,押し目ゾーン(-15〜-5%)
75990,ＩＤＯＭ,卸売業,1284.0,-0.16839378238341973,-0.09193776520509189,751517100.0,押し目ゾーン(-15〜-5%)
76400,トップカルチャー,小売業,170.0,-0.3307086614173228,0.017964071856287456,5191700.0,押し目ゾーン(-15〜-5%)
76730,ダイコー通産,卸売業,1625.0,-0.1509926854754441,-0.0036787247087676223,2608700.0,押し目ゾーン(-15〜-5%)
76740,ＮＡＴＴＹ　ＳＷＡＮＫＹホールディングス,小売業,2561.0,-0.22628398791540782,-0.10921739130434782,4099800.0,押し目ゾーン(-15〜-5%)
76850,ＢｕｙＳｅｌｌ　Ｔｅｃｈｎｏｌｏｇｉｅｓ,卸売業,3130.0,-0.5483405483405484,-0.10699001426533528,667730900.0,押し目ゾーン(-15〜-5%)
76920,アースインフィニティ,電気･ガス業,77.0,-0.41666666666666663,0.0,4037900.0,押し目ゾーン(-15〜-5%)
76990,オムニ・プラス・システム・リミテッド,卸売業,690.0,-0.23076923076923073,-0.07258064516129037,1241700.0,押し目ゾーン(-15〜-5%)
77300,マニー,精密機器,1517.0,-0.19947229551451184,-0.11955890887986076,435136700.0,押し目ゾーン(-15〜-5%)
77930,イメージ・マジック,その他製品,1340.0,-0.2860948321790091,-0.007407407407407418,673000.0,押し目ゾーン(-15〜-5%)
78100,クロスフォー,その他製品,147.0,-0.592797783933518,-0.08125000000000004,5622700.0,押し目ゾーン(-15〜-5%)
78130,プラッツ,その他製品,817.0,-0.1611909650924025,-0.04107981220657275,2043800.0,押し目ゾーン(-15〜-5%)
78180,トランザクション,その他製品,1200.0,-0.5440729483282675,-0.15014164305949007,153870900.0,押し目ゾーン(-15〜-5%)
78200,ニホンフラッシュ,その他製品,711.0,-0.17517401392111365,-0.01386962552011095,42116300.0,押し目ゾーン(-15〜-5%)
78310,ウイルコホールディングス,その他製品,68.0,-0.4516129032258065,0.014925373134328401,950000.0,押し目ゾーン(-15〜-5%)
78490,スターツ出版,情報･通信業,3330.0,-0.26973684210526316,0.003012048192771122,1000500.0,押し目ゾーン(-15〜-5%)
78650,ピープル,その他製品,337.0,-0.4128919860627178,0.008982035928143617,538800.0,押し目ゾーン(-15〜-5%)
78870,南海プライウッド,その他製品,1528.0,-0.876774193548387,0.002624671916010568,2912000.0,押し目ゾーン(-15〜-5%)
79010,マツモト,その他製品,803.0,-0.6543263021954369,0.01261034047919285,1930600.0,押し目ゾーン(-15〜-5%)
79220,,,717.0,-0.2006688963210702,-0.0027816411682892728,22418400.0,押し目ゾーン(-15〜-5%)
79250,,,1926.0,-0.2249496981891348,-0.05402750491159136,171939000.0,押し目ゾーン(-15〜-5%)
79370,ツツミ,その他製品,2554.0,-0.2499265785609398,-0.024818633066055695,25195000.0,押し目ゾーン(-15〜-5%)
79650,象印マホービン,電気機器,1409.0,-0.23796646836127633,-0.010533707865168496,254921600.0,押し目ゾーン(-15〜-5%)
79830,ミロク,その他製品,1039.0,-0.3352527191298784,-0.006692160611854736,729900.0,押し目ゾーン(-15〜-5%)
80020,丸紅,卸売業,4862.0,-0.2283764481828281,-0.03684627575277333,41052843700.0,押し目ゾーン(-15〜-5%)
80310,三井物産,卸売業,4700.0,-0.29418831656404865,0.004917682274962587,47999983900.0,押し目ゾーン(-15〜-5%)
80390,築地魚市場,卸売業,3535.0,-0.1512605042016807,0.02911208151382816,1405500.0,押し目ゾーン(-15〜-5%)
80580,三菱商事,卸売業,4641.0,-0.2109826589595376,0.031333333333333435,38934013100.0,押し目ゾーン(-15〜-5%)
81150,ムーンバット,卸売業,1456.0,-0.239686684073107,-0.09621353196772187,4615300.0,押し目ゾーン(-15〜-5%)
81430,ラピーヌ,繊維製品,144.0,-0.5688622754491017,0.014084507042253502,1008800.0,押し目ゾーン(-15〜-5%)
82260,理経,卸売業,378.0,-0.38735818476499184,-0.018181818181818188,34783200.0,押し目ゾーン(-15〜-5%)
82600,井筒屋,小売業,377.0,-0.275,-0.01308900523560208,980200.0,押し目ゾーン(-15〜-5%)
82670,イオン,小売業,1325.0,-0.7639408515945127,-0.09370725034199723,12136705850.0,押し目ゾーン(-15〜-5%)
82750,フォーバル,卸売業,998.0,-0.34685863874345546,-0.007952286282306154,15625600.0,押し目ゾーン(-15〜-5%)
84160,高知銀行,銀行業,1143.0,-0.22085889570552142,-0.09572784810126578,34408400.0,押し目ゾーン(-15〜-5%)
85150,,,453.0,-0.238655462184874,-0.1082677165354331,912415600.0,押し目ゾーン(-15〜-5%)
85850,オリエントコーポレーション,その他金融業,843.0,-0.2770154373927959,-0.0474576271186441,453553800.0,押し目ゾーン(-15〜-5%)
87050,日産証券グループ,証券･商品先物取引業,226.0,-0.2709677419354839,-0.02164502164502169,15029700.0,押し目ゾーン(-15〜-5%)
88010,三井不動産,不動産業,1481.5,-0.310128055878929,-0.05727012408526888,13650816950.0,押し目ゾーン(-15〜-5%)
88020,三菱地所,不動産業,3784.0,-0.28711379050489827,-0.13171179440110137,16462860000.0,押し目ゾーン(-15〜-5%)
89120,エリアクエスト,不動産業,152.0,-0.4590747330960854,-0.006535947712418277,1731700.0,押し目ゾーン(-15〜-5%)
89280,穴吹興産,不動産業,2260.0,-0.2220309810671256,0.00044267374944673143,13082100.0,押し目ゾーン(-15〜-5%)
89290,青山財産ネットワークス,不動産業,1252.0,-0.42489664676159855,-0.020344287949921713,55154400.0,押し目ゾーン(-15〜-5%)
89440,ランドビジネス,不動産業,243.0,-0.2852941176470588,0.01673640167364021,15870100.0,押し目ゾーン(-15〜-5%)
89580,グローバル・ワン不動産投資法人,その他,109600.0,-0.26688963210702343,-0.032656663724624835,557870400.0,押し目ゾーン(-15〜-5%)
89770,阪急阪神リート投資法人,その他,136900.0,-0.24028856825749167,-0.02214285714285713,266089600.0,押し目ゾーン(-15〜-5%)
89860,大和証券リビング投資法人,その他,95800.0,-0.1860662701784197,-0.04008016032064132,777591600.0,押し目ゾーン(-15〜-5%)
90030,相鉄ホールディングス,陸運業,2430.5,-0.22348242811501595,-0.05040046884157057,871395000.0,押し目ゾーン(-15〜-5%)
90200,東日本旅客鉄道,陸運業,3369.0,-0.19785714285714284,-0.05205402363534051,11424247700.0,押し目ゾーン(-15〜-5%)
90490,京福電気鉄道,陸運業,6670.0,-0.15031847133757958,-0.004477611940298498,4006000.0,押し目ゾーン(-15〜-5%)
90600,日本ロジテム,陸運業,4235.0,-0.18557692307692308,-0.015116279069767424,1270500.0,押し目ゾーン(-15〜-5%)
90720,ニッコンホールディングス,陸運業,5243.0,-0.19412849677221022,-0.028894239674013722,919562600.0,押し目ゾーン(-15〜-5%)
90780,,,1454.0,-0.23473684210526313,0.0006882312456986117,22380600.0,押し目ゾーン(-15〜-5%)
91420,九州旅客鉄道,陸運業,3427.0,-0.1799473558267528,-0.05618286973285591,4135949400.0,押し目ゾーン(-15〜-5%)
91580,シーユーシー,サービス業,728.0,-0.444698703279939,-0.10455104551045513,59185700.0,押し目ゾーン(-15〜-5%)
91590,Ｗ　ＴＯＫＹＯ,サービス業,1885.0,-0.3374340949033392,-0.02179553710430726,3212700.0,押し目ゾーン(-15〜-5%)
91620,ブリーチ,サービス業,229.0,-0.42892768079800503,-0.021367521367521403,987000.0,押し目ゾーン(-15〜-5%)
91650,クオルテック,サービス業,1772.0,-0.19197446420428632,0.010262257696693311,18726300.0,押し目ゾーン(-15〜-5%)
91930,東京汽船,倉庫･運輸関連業,869.0,-0.35629629629629633,0.024764150943396235,6847500.0,押し目ゾーン(-15〜-5%)
92250,ブリッジコンサルティンググループ,サービス業,971.0,-0.3399048266485384,0.011458333333333348,4730600.0,押し目ゾーン(-15〜-5%)
92400,デリバリーコンサルティング,サービス業,393.0,-0.6367837338262476,-0.005063291139240533,2629200.0,押し目ゾーン(-15〜-5%)
92420,メディア総研,サービス業,1829.0,-0.24732510288065845,-0.08366733466933862,7884400.0,押し目ゾーン(-15〜-5%)
92500,ＧＲＣＳ,サービス業,862.0,-0.4629283489096573,-0.04328523862375133,1819900.0,押し目ゾーン(-15〜-5%)
92530,スローガン,サービス業,716.0,-0.22927879440258347,-0.0027855153203342198,287000.0,押し目ゾーン(-15〜-5%)
92620,シルバーライフ,小売業,650.0,-0.29116684841875684,-0.019607843137254943,5313200.0,押し目ゾーン(-15〜-5%)
92820,いちごグリーンインフラ投資法人,その他,47450.0,-0.23220064724919098,-0.01556016597510368,18974250.0,押し目ゾーン(-15〜-5%)
92850,東京インフラ・エネルギー投資法人,その他,43150.0,-0.2053406998158379,-0.033594624860022404,8192850.0,押し目ゾーン(-15〜-5%)
93110,アサガミ,倉庫･運輸関連業,7810.0,-0.19484536082474224,0.01692708333333326,2360000.0,押し目ゾーン(-15〜-5%)
93190,中央倉庫,倉庫･運輸関連業,1732.0,-0.21911632100991885,-0.06580366774541535,44062000.0,押し目ゾーン(-15〜-5%)
93250,ファイズホールディングス,倉庫･運輸関連業,1070.0,-0.20681986656782803,-0.04973357015985791,47368900.0,押し目ゾーン(-15〜-5%)
93270,イー・ロジット,倉庫･運輸関連業,188.0,-0.5638051044083527,-0.06930693069306926,1615600.0,押し目ゾーン(-15〜-5%)
93360,大栄環境,サービス業,3650.0,-0.15411355735805332,-0.08977556109725682,419872500.0,押し目ゾーン(-15〜-5%)
93690,キユーソー流通システム,倉庫･運輸関連業,2975.0,-0.18604651162790697,-0.07894736842105265,126193600.0,押し目ゾーン(-15〜-5%)
94040,日本テレビホールディングス,情報･通信業,2773.5,-0.331041968162084,-0.05421994884910486,1519119050.0,押し目ゾーン(-15〜-5%)
94090,テレビ朝日ホールディングス,情報･通信業,3020.0,-0.18598382749326148,-0.07645259938837923,559294500.0,押し目ゾーン(-15〜-5%)
94210,エヌジェイホールディングス,情報･通信業,500.0,-0.27641099855282203,0.0,300000.0,押し目ゾーン(-15〜-5%)
94390,エム・エイチ・グループ,サービス業,224.0,-0.15471698113207544,-0.06666666666666665,1855500.0,押し目ゾーン(-15〜-5%)
94740,ゼンリン,情報･通信業,867.0,-0.22933333333333328,-0.05245901639344264,256647500.0,押し目ゾーン(-15〜-5%)
95020,中部電力,電気･ガス業,2706.5,-0.16723076923076918,-0.16311069882498452,8183697650.0,押し目ゾーン(-15〜-5%)
95140,エフオン,電気･ガス業,325.0,-0.2809734513274337,0.006191950464396356,32414500.0,押し目ゾーン(-15〜-5%)
95310,東京瓦斯,電気･ガス業,5937.0,-0.2447525760081415,-0.02990196078431373,5700611300.0,押し目ゾーン(-15〜-5%)
95430,静岡ガス,電気･ガス業,1231.0,-0.23777089783281735,0.0008130081300812275,203612500.0,押し目ゾーン(-15〜-5%)
95620,ビジネスコーチ,サービス業,514.0,-0.8113069016152716,0.03629032258064524,5313900.0,押し目ゾーン(-15〜-5%)
96250,セレスポ,サービス業,877.0,-0.23204903677758315,-0.1826654240447344,224627400.0,押し目ゾーン(-15〜-5%)
96400,セゾンテクノロジー,情報･通信業,2027.0,-0.19786307874950537,-0.05501165501165506,18814000.0,押し目ゾーン(-15〜-5%)
96470,協和コンサルタンツ,サービス業,6200.0,-0.38,-0.07875185735512635,1238000.0,押し目ゾーン(-15〜-5%)
97080,帝国ホテル,サービス業,979.0,-0.4048632218844985,-0.04207436399217224,128366700.0,押し目ゾーン(-15〜-5%)
98160,ストライダーズ,不動産業,239.0,-0.3112391930835735,0.004201680672268893,574300.0,押し目ゾーン(-15〜-5%)
98180,大丸エナウィン,卸売業,1490.0,-0.37916666666666665,-0.02994791666666663,745800.0,押し目ゾーン(-15〜-5%)
99730,ＫＯＺＯホールディングス,小売業,20.0,-0.4871794871794872,0.0,4994600.0,押し目ゾーン(-15〜-5%)
99820,タキヒヨー,卸売業,2422.0,-0.17054794520547945,-0.04041204437400947,8316300.0,押し目ゾーン(-15〜-5%)
99890,サンドラッグ,小売業,3637.0,-0.24870894443296843,-0.06815270304893672,2041426800.0,押し目ゾーン(-15〜-5%)
99940,やまや,小売業,2070.0,-0.24231332357247437,0.006809338521400754,2901300.0,押し目ゾーン(-15〜-5%)
13220,アモーヴァ・アセットマネジメント株式会社　上場インデックスファンド中国Ａ株（パンダ）Ｅ　Ｆｕｎｄ　ＣＳＩ３００,その他,11720.0,-0.09252806813782422,-0.024958402662229595,3516250.0,高勝率業種
14440,ニッソウ,建設業,2599.0,-0.13308872581721143,-0.09819569743233869,3901200.0,高勝率業種
16190,野村アセットマネジメント株式会社　ＮＥＸＴ　ＦＵＮＤＳ　建設・資材（ＴＯＰＩＸ−１７）上場投信,その他,46130.0,-0.13191569439217166,-0.09708357799960854,9506430.0,高勝率業種
16920,ウィズダムツリー・コモディティ・セキュリティーズ・リミテッド　ＷｉｓｄｏｍＴｒｅｅ　アルミニウム上場投資信託,その他,688.9,-0.14887571040276748,0.028208955223880672,2179950.0,高勝率業種
17210,コムシスホールディングス,建設業,5258.0,-0.10926647467389461,-0.03434343434343434,2593132900.0,高勝率業種
17580,太洋基礎工業,建設業,2418.0,-0.13581129378127232,0.003319502074688785,725600.0,高勝率業種
19260,ライト工業,建設業,3715.0,-0.14695752009184848,-0.09390243902439022,512005000.0,高勝率業種
19300,北陸電気工事,建設業,1530.0,-0.14905450500556172,-0.06536346976175933,137292000.0,高勝率業種
19510,エクシオグループ,建設業,2596.0,-0.1326428332776478,-0.051516258677383964,1574107150.0,高勝率業種
20020,日清製粉グループ本社,食料品,1920.0,-0.1208791208791209,-0.058361942128494326,1995780150.0,高勝率業種
20320,ノムラ・ヨーロッパ・ファイナンス・エヌ・ブイ　ＮＥＸＴ　ＮＯＴＥＳ　香港ハンセン・ベア　ＥＴＮ,その他,5934.0,-0.14667817083692836,-0.11353450851508817,76109.0,高勝率業種
20470,ノムラ・ヨーロッパ・ファイナンス・エヌ・ブイ　ＮＥＸＴ　ＮＯＴＥＳ　インドＮｉｆｔｙ・ベア　ＥＴＮ,その他,3361.0,-0.11295856426497752,-0.04081050228310501,342822.0,高勝率業種
22010,森永製菓,食料品,2513.5,-0.1301263194324278,-0.06993524514338578,1274147050.0,高勝率業種
22170,モロゾフ,食料品,1482.0,-0.08574953732264035,-0.05121638924455829,32316300.0,高勝率業種
22290,カルビー,食料品,2835.0,-0.11267605633802813,-0.07140517523747136,1054017350.0,高勝率業種
22690,明治ホールディングス,食料品,3610.0,-0.11083743842364535,-0.07102418939783839,4909362500.0,高勝率業種
22880,丸大食品,食料品,2195.0,-0.10371580236831357,-0.03938730853391681,283589200.0,高勝率業種
25530,アセットマネジメントＯｎｅ株式会社　Ｏｎｅ　ＥＴＦ　南方　中国Ａ株　ＣＳＩ５００,その他,2395.5,-0.1444642857142857,-0.09244175033150215,3986990.0,高勝率業種
258A0,三井住友トラスト・アセットマネジメント株式会社　ＳＭＴ　ＥＴＦ国内リート厳選投資アクティブ,その他,2078.0,-0.14061207609594706,-0.04239631336405525,846664.0,高勝率業種
26890,オルバヘルスケアホールディングス,卸売業,1901.0,-0.1263786764705882,-0.040383644623927295,6465500.0,高勝率業種
27520,フジオフードグループ本社,小売業,1082.0,-0.09304274937133272,-0.015468607825295688,99462300.0,高勝率業種
27800,コメ兵ホールディングス,小売業,5090.0,-0.14453781512605046,-0.013565891472868241,175267500.0,高勝率業種
28110,カゴメ,食料品,2545.0,-0.1488294314381271,-0.0546062407132244,925529150.0,高勝率業種
28720,セイヒョー,食料品,1990.0,-0.14555603263203087,-0.014363546310054431,9569000.0,高勝率業種
30400,ソリトンシステムズ,情報･通信業,1980.0,-0.13423699169217318,-0.01980198019801982,100410200.0,高勝率業種
31480,クリエイトＳＤホールディングス,小売業,3235.0,-0.09510489510489506,-0.03288490284005974,353719500.0,高勝率業種
31540,メディアスホールディングス,卸売業,780.0,-0.1235955056179775,-0.022556390977443663,19172700.0,高勝率業種
31670,ＴＯＫＡＩホールディングス,卸売業,1106.0,-0.09195402298850575,-0.053892215568862256,255653400.0,高勝率業種
31840,ＩＣＤＡホールディングス,小売業,4350.0,-0.08709338929695698,-0.007981755986317007,5238000.0,高勝率業種
31910,ジョイフル本田,小売業,2181.0,-0.13589540412044376,-0.03666077738515905,543907800.0,高勝率業種
31980,,,2225.0,-0.0955284552845529,-0.008908685968819552,941072600.0,高勝率業種
34070,旭化成,化学,1635.0,-0.13992635455023672,-0.13101249003454696,14688686250.0,高勝率業種
34690,デュアルタップ,不動産業,901.0,-0.12524271844660195,0.011223344556677839,4431200.0,高勝率業種
35500,スタジオアタオ,小売業,220.0,-0.08333333333333337,-0.04347826086956519,967400.0,高勝率業種
35660,ユニフォームネクスト,小売業,844.0,-0.13435897435897437,-0.0035419126328217754,5143000.0,高勝率業種
35970,自重堂,繊維製品,9000.0,-0.1329479768786127,0.006711409395973256,28781000.0,高勝率業種
36070,クラウディアホールディングス,繊維製品,357.0,-0.10301507537688437,0.008474576271186418,3421800.0,高勝率業種
36360,三菱総合研究所,情報･通信業,4550.0,-0.14150943396226412,-0.022556390977443663,239428000.0,高勝率業種
39240,,,915.0,-0.09405940594059403,-0.016129032258064502,41738500.0,高勝率業種
39340,ベネフィットジャパン,情報･通信業,2207.0,-0.10284552845528461,-0.03286590709903592,2431400.0,高勝率業種
40420,東ソー,化学,2652.0,-0.1293499671700591,-0.036337209302325535,6319163550.0,高勝率業種
404A0,Ｇｌｏｂａｌ　Ｘ　Ｊａｐａｎ株式会社　グローバルＸ　チャイナテック・トップ１０　ＥＴＦ,その他,1316.0,-0.13306982872200268,0.011529592621060791,105594757.0,高勝率業種
43350,ＩＰＳホールディングス,情報･通信業,1099.0,-0.14140624999999996,-0.0018165304268846771,2090000.0,高勝率業種
45270,ロート製薬,医薬品,2305.5,-0.1426180736333209,-0.08711146307661854,3192605250.0,高勝率業種
45480,生化学工業,医薬品,727.0,-0.11124694376528121,0.004143646408839796,101243100.0,高勝率業種
45590,ゼリア新薬工業,医薬品,2042.0,-0.14916666666666667,-0.012094823415578104,211308800.0,高勝率業種
46580,日本空調サービス,サービス業,1525.0,-0.10974897840046705,-0.07687651331719125,222550100.0,高勝率業種
468A0,Ｇｌｏｂａｌ　Ｘ　Ｊａｐａｎ株式会社　グローバルＸ　米ドル建て投資適格社債　ＥＴＦ,その他,283.0,-0.08797937479858209,-0.0400271370420624,104632.0,高勝率業種
47050,クリップコーポレーション,サービス業,780.0,-0.12556053811659196,0.005154639175257714,390000.0,高勝率業種
47120,ＫｅｙＨｏｌｄｅｒ,サービス業,743.0,-0.09610705596107061,0.009510869565217295,5118100.0,高勝率業種
534A0,農林中金全共連アセットマネジメント株式会社　ＮＺＡＭ　上場投信　ＮＡＳＤＡＱ１００（為替ヘッジなし）,その他,2383.0,-0.1424973011874775,-0.050597609561752965,359810.0,高勝率業種
53860,,,373.0,-0.14055299539170507,-0.08353808353808356,5370500.0,高勝率業種
538A0,農林中金全共連アセットマネジメント株式会社　ＮＺＡＭ　上場投信　米国国債７−１０年（為替ヘッジなし）,その他,4943.0,-0.14775862068965517,-0.003025413473174643,19825.0,高勝率業種
56590,日本精線,鉄鋼,1375.0,-0.12531806615776087,-0.046463245492371685,103793000.0,高勝率業種
59730,トーアミ,金属製品,596.0,-0.1286549707602339,-0.013245033112582738,354200.0,高勝率業種
60950,,,696.0,-0.10769230769230764,-0.0014347202295552641,83504000.0,高勝率業種
61830,ベルシステム２４ホールディングス,サービス業,1323.0,-0.1375488917861799,-0.03991291727140789,505095800.0,高勝率業種
62050,,,885.0,-0.12027833001988075,-0.041170097508125725,158394100.0,高勝率業種
62300,ＳＡＮＥＩ,機械,2092.0,-0.09593777009507343,-0.07841409691629952,4824200.0,高勝率業種
65550,ＭＳ＆Ｃｏｎｓｕｌｔｉｎｇ,サービス業,424.0,-0.12215320910973082,-0.007025761124121788,84300.0,高勝率業種
68740,協立電機,電気機器,2558.0,-0.12696245733788392,-0.0046692607003890885,11482700.0,高勝率業種
70370,テノ．ホールディングス,サービス業,843.0,-0.14242115971515767,0.0011876484560569,3896700.0,高勝率業種
71300,ヤマエグループホールディングス,卸売業,2816.0,-0.11724137931034484,-0.06754966887417213,686946400.0,高勝率業種
72440,市光工業,電気機器,512.0,-0.1351351351351351,-0.017274472168905985,43737400.0,高勝率業種
72840,盟和産業,輸送用機器,1201.0,-0.09699248120300752,-0.021986970684039098,3455600.0,高勝率業種
72920,村上開明堂,輸送用機器,6530.0,-0.10670314637482903,-0.013595166163142047,16316000.0,高勝率業種
74460,東北化学薬品,卸売業,4395.0,-0.13654223968565815,-0.06289978678038377,17545000.0,高勝率業種
75210,ムサシ,卸売業,2675.0,-0.10803601200400137,-0.032549728752260365,8999800.0,高勝率業種
75550,大田花き,卸売業,744.0,-0.08034610630407912,0.00540540540540535,1487100.0,高勝率業種
78570,セキ,その他製品,1281.0,-0.08499999999999996,0.003132341425215346,256700.0,高勝率業種
80180,三共生興,卸売業,800.0,-0.1480298189563365,-0.011124845488257096,26740400.0,高勝率業種
80810,カナデン,卸売業,2402.0,-0.09665287702143666,-0.04111776447105786,129706300.0,高勝率業種
88710,ゴールドクレスト,不動産業,3240.0,-0.12432432432432428,-0.03427719821162445,164495500.0,高勝率業種
88920,エスコン,不動産業,1072.0,-0.14308553157474024,-0.025454545454545507,189683700.0,高勝率業種
89190,カチタス,不動産業,3305.0,-0.1186666666666667,0.003034901365705611,522148000.0,高勝率業種
90390,サカイ引越センター,陸運業,2843.0,-0.07844408427876826,-0.026036313806097944,159262100.0,高勝率業種
90450,京阪ホールディングス,陸運業,3088.0,-0.13646532438478742,-0.048968278410840727,841311800.0,高勝率業種
92730,コーア商事ホールディングス,卸売業,777.0,-0.1452145214521452,0.0012886597938144284,39774700.0,高勝率業種
93470,日本管財ホールディングス,サービス業,2673.0,-0.12360655737704918,-0.02052033711982415,250915600.0,高勝率業種
94080,ＢＳＮメディアホールディングス,情報･通信業,2590.0,-0.10069444444444442,-0.07499999999999996,514600.0,高勝率業種
97150,トランス・コスモス,サービス業,3545.0,-0.13219094247246022,-0.02876712328767128,270076500.0,高勝率業種
97930,ダイセキ,サービス業,3735.0,-0.14920273348519364,-0.0508259212198221,441083000.0,高勝率業種
98420,アークランズ,小売業,1837.0,-0.10127201565557731,-0.02287234042553188,488385900.0,高勝率業種
98850,シャルレ,卸売業,334.0,-0.13471502590673579,-0.0029850746268657025,201400.0,高勝率業種
85370,大光銀行,銀行業,2646.0,-0.11237839651123782,-0.06203473945409432,101866500.0,決算5営業日以内
87420,小林洋行,証券･商品先物取引業,543.0,-0.07337883959044367,-0.014519056261342977,1081100.0,決算5営業日以内
