code,銘柄名,業種,起点日,5倍到達日,かかった日数,起点株価,到達株価,倍率
55370,ＡｌｂａＬｉｎｋ,不動産業,2023-11-29,2025-12-15,1,264.8,1755.0,6.63
65730,ＣＲＡＶＩＡ,サービス業,2023-07-31,2023-08-21,14,80.3,473.3,5.89
23300,フォーサイド,情報･通信業,2024-02-01,2024-02-27,16,78.0,455.0,5.83
81050,Ｂｉｔｃｏｉｎ　Ｊａｐａｎ,卸売業,2025-08-04,2025-08-12,5,53.0,305.0,5.75
43920,ＦＩＧ,情報･通信業,2026-05-07,2026-05-21,10,349.0,1981.0,5.68
55350,ミガロホールディングス,不動産業,2024-12-19,2025-02-12,33,374.2,2125.0,5.68
278A0,Ｔｅｒｒａ　Ｄｒｏｎｅ,精密機器,2026-03-23,2026-05-11,31,2891.0,16400.0,5.67
43160,ビーマップ,情報･通信業,2025-07-03,2025-08-22,34,369.0,2081.0,5.64
44990,Ｓｐｅｅｅ,情報･通信業,2024-08-05,2024-11-22,74,886.0,4960.0,5.6
77940,イーディーピー,その他製品,2026-01-26,2026-02-17,15,478.0,2673.0,5.59
485A0,パワーエックス,電気機器,2026-02-13,2026-05-08,54,841.7,4696.7,5.58
39050,データセクション,情報･通信業,2025-05-28,2025-07-10,31,738.0,4090.0,5.54
40820,第一稀元素化学工業,化学,2025-10-21,2026-01-19,58,694.0,3840.0,5.53
76030,ジーイエット,小売業,2025-06-12,2025-06-18,4,115.0,635.0,5.52
52430,ｎｏｔｅ,情報･通信業,2025-01-14,2025-02-12,20,528.0,2909.0,5.51
33500,メタプラネット,卸売業,2025-04-28,2025-06-16,32,344.0,1895.0,5.51
29010,ウェルディッシュ,食料品,2024-08-05,2024-11-08,64,180.0,990.0,5.5
30410,ビューティカダンホールディングス,卸売業,2023-05-09,2023-05-16,5,414.0,2274.0,5.49
27430,,,2024-02-28,2024-03-29,21,53.0,290.0,5.47
59500,日本パワーファスニング,金属製品,2024-06-14,2024-11-29,114,121.0,661.0,5.46
31030,ユニチカ,繊維製品,2026-01-26,2026-02-17,15,404.0,2192.0,5.43
58030,フジクラ,非鉄金属,2025-04-07,2025-10-27,137,598.8,3225.8,5.39
48890,レナサイエンス,医薬品,2025-01-08,2025-01-28,13,302.0,1625.0,5.38
68360,ぷらっとホーム,電気機器,2024-07-30,2024-08-22,16,232.0,1245.0,5.37
76150,京都きもの友禅ホールディングス,小売業,2025-04-09,2025-08-22,92,69.0,369.0,5.35
57240,アサカ理研,非鉄金属,2025-04-15,2026-01-15,183,897.0,4795.0,5.35
45060,住友ファーマ,医薬品,2025-04-16,2025-11-20,147,508.0,2702.0,5.32
52550,モンスターラボ,情報･通信業,2025-04-09,2025-06-23,50,62.0,329.0,5.31
23210,ソフトフロントホールディングス,情報･通信業,2025-04-07,2026-03-06,223,76.0,403.0,5.3
93990,ビート・ホールディングス・リミテッド（貝徳控股有限公司）,情報･通信業,2024-07-24,2024-10-11,54,57.9,306.5,5.29
60720,地盤ネットホールディングス,サービス業,2026-02-09,2026-02-16,4,198.0,1048.0,5.29
65220,アスタリスク,電気機器,2026-03-16,2026-07-07,76,397.0,2096.0,5.28
57130,住友金属鉱山,非鉄金属,2025-04-09,2026-02-27,216,2401.5,12625.0,5.26
57060,三井金属,非鉄金属,2025-05-13,2025-11-17,128,4042.0,21230.0,5.25
74260,山大,卸売業,2023-10-10,2024-03-05,97,976.0,5110.0,5.24
62170,津田駒工業,機械,2026-04-10,2026-04-23,9,445.0,2333.0,5.24
68140,古野電気,電気機器,2025-04-07,2025-10-27,137,1898.0,9950.0,5.24
38250,リミックスポイント,小売業,2024-11-13,2025-02-13,60,154.0,806.0,5.23
49710,メック,化学,2025-04-22,2026-05-07,251,1993.0,10420.0,5.23
69760,太陽誘電,電気機器,2026-04-02,2026-06-16,49,3861.0,20190.0,5.23
92560,サクシード,サービス業,2026-05-11,2026-06-24,32,849.0,4440.0,5.23
25860,フルッタフルッタ,食料品,2024-08-23,2025-07-08,212,65.0,340.0,5.23
47840,ＧＭＯインターネット,サービス業,2024-11-18,2025-04-16,99,461.0,2406.0,5.22
66590,メディアリンクス,電気機器,2024-02-26,2024-06-20,79,55.0,287.0,5.22
58170,ＪＭＡＣＳ,非鉄金属,2025-06-02,2026-03-02,182,413.0,2151.0,5.21
57290,日本精鉱,非鉄金属,2024-11-27,2025-10-14,213,736.2,3832.5,5.21
77460,岡本硝子,精密機器,2025-12-24,2026-02-06,28,297.0,1546.0,5.21
25530,アセットマネジメントＯｎｅ株式会社　Ｏｎｅ　ＥＴＦ　南方　中国Ａ株　ＣＳＩ５００,その他,2024-09-30,2024-10-03,3,1999.0,10400.0,5.2
49350,リベルタ,化学,2024-12-13,2025-01-07,13,246.0,1278.0,5.2
67310,ピクセラ,電気機器,2023-12-26,2024-01-11,6,1000.0,5200.0,5.2
45700,免疫生物研究所,医薬品,2025-11-13,2025-11-28,10,601.0,3120.0,5.19
80500,セイコーグループ,精密機器,2025-08-08,2026-08-12,244,2167.5,11240.0,5.19
55970,ブルーイノベーション,情報･通信業,2025-01-29,2025-08-04,126,537.0,2789.0,5.19
65210,オキサイド,電気機器,2025-04-09,2026-03-10,223,948.0,4920.0,5.19
52160,倉元製作所,ガラス･土石製品,2024-02-16,2024-05-27,66,79.0,410.0,5.19
190A0,Ｃｈｏｒｄｉａ　Ｔｈｅｒａｐｅｕｔｉｃｓ,医薬品,2024-06-28,2024-08-15,32,172.0,891.0,5.18
38030,イメージ情報開発,情報･通信業,2025-07-11,2025-08-04,15,514.0,2660.0,5.18
73180,セレンディップ・ホールディングス,輸送用機器,2025-04-07,2025-10-24,136,302.8,1567.5,5.18
68550,日本電子材料,電気機器,2025-05-09,2026-02-25,195,1927.0,9990.0,5.18
40040,レゾナック・ホールディングス,化学,2025-09-04,2026-05-25,171,3756.0,19450.0,5.18
45960,窪田製薬ホールディングス,医薬品,2026-01-22,2026-02-12,14,59.0,305.0,5.17
52460,ＥＬＥＭＥＮＴＳ,情報･通信業,2024-01-19,2024-07-01,110,337.0,1739.0,5.16
55950,,,2023-12-21,2024-02-15,35,745.0,3845.0,5.16
77770,スリー・ディー・マトリックス,精密機器,2025-06-06,2026-03-10,184,146.0,753.0,5.16
58020,住友電気工業,非鉄金属,2025-04-22,2026-02-24,204,503.2,2597.5,5.16
38560,Ａｂａｌａｎｃｅ,電気機器,2023-01-17,2023-04-18,63,2529.0,13030.0,5.15
26280,大和アセットマネジメント株式会社　ｉＦｒｅｅＥＴＦ　中国科創板５０（ＳＴＡＲ５０）,その他,2024-09-25,2024-10-07,8,1457.0,7500.0,5.15
57210,エスクリプトエナジー,非鉄金属,2025-06-04,2025-06-17,9,96.3,495.6,5.15
88940,ＲＥＶＯＬＵＴＩＯＮ,不動産業,2023-12-27,2024-11-20,219,130.0,669.0,5.15
66130,ＱＤレーザ,電気機器,2026-01-06,2026-03-18,48,335.0,1721.0,5.14
96100,ウィルソン・ラーニング　ワールドワイド,サービス業,2025-04-07,2025-12-03,162,59.0,303.0,5.14
63150,ＴＯＷＡ,機械,2023-08-08,2024-05-13,184,873.0,4483.3,5.14
29980,クリアル,不動産業,2022-12-29,2023-06-30,123,339.6,1744.0,5.14
38530,アステリア,情報･通信業,2025-04-07,2025-08-25,95,398.0,2045.0,5.14
69610,エンプラス,電気機器,2025-04-07,2026-04-15,250,3250.0,16660.0,5.13
73830,ネットプロテクションズホールディングス,その他金融業,2024-08-05,2025-07-25,237,150.0,770.0,5.13
31100,日東紡績,ガラス･土石製品,2025-08-29,2026-02-25,117,1080.0,5536.0,5.13
36920,ＦＦＲＩセキュリティ,情報･通信業,2025-03-03,2025-10-20,156,2550.0,13070.0,5.13
35560,リネットジャパングループ,小売業,2025-04-10,2025-09-22,111,252.0,1294.0,5.13
70180,内海造船,輸送用機器,2023-03-27,2023-08-10,94,1302.0,6680.0,5.13
59350,,,2023-02-27,2023-04-06,27,1070.0,5490.0,5.13
69410,山一電機,電気機器,2025-04-09,2026-02-06,203,1750.0,8970.0,5.13
70830,ＡＨＣグループ,サービス業,2024-06-07,2024-06-26,13,1001.0,5130.0,5.12
31330,海帆,小売業,2023-04-05,2024-02-26,218,248.0,1271.0,5.12
21649,,,2023-04-12,2023-04-17,3,50.0,256.0,5.12
76920,アースインフィニティ,電気･ガス業,2023-02-13,2023-04-10,38,149.8,766.3,5.12
61770,ＡｐｐＢａｎｋ,サービス業,2025-08-15,2025-08-25,6,102.0,522.0,5.12
53370,ダントーホールディングス,ガラス･土石製品,2023-01-25,2024-01-16,239,251.0,1283.0,5.11
42640,セキュア,情報･通信業,2023-02-01,2023-06-12,88,642.0,3280.0,5.11
25300,三菱ＵＦＪアセットマネジメント株式会社　ＭＡＸＩＳ　ＨｕａＡｎ中国株式（上海１８０Ａ株）上場投信,その他,2024-09-27,2024-10-04,5,13905.0,71000.0,5.11
63870,サムコ,機械,2025-09-05,2026-05-07,158,2812.0,14370.0,5.11
92350,売れるネット広告社グループ,サービス業,2024-01-31,2024-02-14,9,440.0,2250.0,5.11
45930,ヘリオス,医薬品,2024-08-05,2025-07-17,232,136.0,694.0,5.1
65570,ＡＩＡＩグループ,サービス業,2023-10-23,2024-09-03,212,333.5,1702.5,5.1
66270,テラプローブ,電気機器,2025-04-07,2026-02-26,217,1981.0,10100.0,5.1
65740,コンヴァノ,サービス業,2025-06-19,2025-08-21,43,62.5,318.5,5.1
77760,セルシード,精密機器,2024-05-24,2024-07-17,37,215.0,1095.0,5.09
72560,河西工業,輸送用機器,2025-11-18,2026-05-11,112,101.0,514.0,5.09
68340,精工技研,電気機器,2025-07-29,2026-03-05,145,5570.0,28340.0,5.09
48940,クオリプス,医薬品,2023-11-13,2024-06-14,143,1681.0,8550.0,5.09
70030,三井Ｅ＆Ｓ,機械,2023-11-21,2024-03-06,69,510.0,2596.0,5.09
63660,千代田化工建設,建設業,2025-07-22,2026-02-10,135,319.0,1625.0,5.09
15140,住石ホールディングス,鉱業,2023-12-27,2024-03-07,45,1057.0,5380.0,5.09
34440,菊池製作所,金属製品,2025-12-01,2026-04-23,96,331.0,1683.0,5.08
27000,木徳神糧,卸売業,2025-04-14,2025-08-21,88,1264.0,6420.0,5.08
44120,サイエンスアーツ,情報･通信業,2025-01-28,2026-01-15,235,518.0,2630.0,5.08
62270,ＡＩメカテック,機械,2025-12-26,2026-02-25,37,1606.7,8166.7,5.08
68000,ヨコオ,電気機器,2025-06-24,2026-06-22,241,1250.0,6350.0,5.08
70140,名村造船所,輸送用機器,2023-05-19,2024-03-04,194,424.0,2153.0,5.08
26290,大和アセットマネジメント株式会社　ｉＦｒｅｅＥＴＦ　中国グレーターベイエリア・イノベーション１００（ＧＢＡ１００）,その他,2024-02-05,2024-10-07,163,2068.0,10510.0,5.08
68570,アドバンテスト,電気機器,2025-04-22,2026-02-09,195,5391.0,27355.0,5.07
285A0,キオクシアホールディングス,電気機器,2025-09-04,2025-11-10,43,2626.0,13320.0,5.07
23380,クオンタムソリューションズ,情報･通信業,2023-04-27,2023-12-01,147,226.7,1150.0,5.07
77110,助川電気工業,精密機器,2025-07-17,2025-10-20,62,2194.0,11120.0,5.07
65970,ＨＰＣシステムズ,電気機器,2025-05-22,2026-06-04,252,1376.0,6980.0,5.07
75780,ニチリョク,小売業,2023-06-05,2023-08-23,55,119.0,603.0,5.07
218A0,Ｌｉｂｅｒａｗａｒｅ,精密機器,2025-02-04,2025-08-18,131,443.0,2240.0,5.06
69970,日本ケミコン,電気機器,2025-11-11,2026-06-25,150,1181.0,5980.0,5.06
40470,関東電化工業,化学,2025-09-10,2026-06-04,175,870.0,4405.0,5.06
58010,古河電気工業,非鉄金属,2025-12-18,2026-04-10,74,906.0,4580.0,5.06
49600,ケミプロ化成,化学,2025-07-14,2026-01-28,131,265.0,1340.0,5.06
40110,ヘッドウォータース,情報･通信業,2023-01-17,2023-04-19,64,860.0,4352.5,5.06
92110,エフ・コード,サービス業,2023-10-23,2024-03-06,89,520.5,2635.0,5.06
59850,サンコール,金属製品,2025-08-07,2026-03-10,141,389.0,1969.0,5.06
62540,野村マイクロ・サイエンス,機械,2023-05-02,2024-03-04,204,1062.5,5372.5,5.06
67870,メイコー,電気機器,2025-08-18,2026-05-18,179,7870.0,39800.0,5.06
95600,プログリット,サービス業,2023-01-04,2023-05-22,92,236.0,1195.0,5.06
64330,ヒーハイスト,機械,2025-12-02,2026-02-06,44,430.0,2175.0,5.06
67770,ｓａｎｔｅｃ　Ｈｏｌｄｉｎｇｓ,電気機器,2025-08-01,2026-04-21,174,5900.0,29770.0,5.05
20330,ノムラ・ヨーロッパ・ファイナンス・エヌ・ブイ　ＮＥＸＴ　ＮＯＴＥＳ　韓国ＫＯＳＰＩ・ダブル・ブル　ＥＴＮ,その他,2025-12-30,2026-06-03,100,32280.0,162950.0,5.05
58920,ｙｕｔｏｒｉ,小売業,2024-08-05,2025-08-14,250,1159.0,5850.0,5.05
69810,村田製作所,電気機器,2025-09-03,2026-06-22,192,2424.0,12250.0,5.05
276A0,ククレブ・アドバイザーズ,不動産業,2025-01-14,2025-06-19,106,1272.0,6420.0,5.05
68400,ＡＫＩＢＡホールディングス,電気機器,2025-07-22,2026-05-25,202,279.0,1405.0,5.04
77710,日本精密,精密機器,2026-01-09,2026-02-09,20,134.0,675.0,5.04
23340,イオレ,サービス業,2025-07-03,2025-08-25,35,192.0,968.0,5.04
62690,三井海洋開発,機械,2025-04-07,2025-11-25,156,3155.0,15900.0,5.04
155A0,情報戦略テクノロジー,情報･通信業,2025-04-09,2025-11-26,155,335.0,1687.0,5.04
19480,弘電社,建設業,2025-07-31,2026-05-28,198,2275.0,11470.0,5.04
34490,テクノフレックス,金属製品,2026-02-03,2026-06-22,92,2090.0,10540.0,5.04
34360,ＳＵＭＣＯ,金属製品,2025-06-23,2026-07-06,252,1028.0,5171.0,5.03
92520,ラストワンマイル,サービス業,2023-01-18,2023-06-07,94,895.2,4500.0,5.03
39020,,,2025-04-07,2025-12-18,173,335.0,1686.0,5.03
66480,かわでん,電気機器,2025-02-07,2026-01-05,220,533.2,2680.0,5.03
65900,芝浦メカトロニクス,電気機器,2025-04-09,2026-01-22,192,1100.0,5532.0,5.03
72730,イクヨ,輸送用機器,2024-12-20,2025-09-01,168,253.0,1272.0,5.03
68620,ミナトホールディングス,電気機器,2025-07-24,2026-05-08,189,772.0,3885.0,5.03
67790,日本電波工業,電気機器,2025-12-17,2026-06-05,111,927.0,4660.0,5.03
68710,日本マイクロニクス,電気機器,2023-05-24,2024-03-01,190,1578.0,7930.0,5.03
45920,サンバイオ,医薬品,2025-01-21,2025-05-20,79,691.0,3475.0,5.03
62780,ユニオンツール,機械,2025-04-09,2026-02-25,214,3180.0,15980.0,5.03
40620,イビデン,電気機器,2025-10-02,2026-05-29,157,4577.0,23000.0,5.03
44610,第一工業製薬,化学,2025-04-07,2026-02-03,202,2169.0,10900.0,5.03
38910,ニッポン高度紙工業,パルプ・紙,2025-09-17,2026-06-18,181,2119.0,10640.0,5.02
44460,Ｌｉｎｋ−Ｕグループ,情報･通信業,2025-04-09,2025-10-15,127,318.0,1595.0,5.02
60160,ジャパンエンジンコーポレーション,輸送用機器,2025-04-07,2025-10-23,135,2416.0,12140.0,5.02
63270,北川精機,機械,2026-04-07,2026-07-01,57,1651.0,8290.0,5.02
63560,日本ギア工業,機械,2025-04-22,2026-03-09,213,438.0,2200.0,5.02
29620,テクニスコ,金属製品,2025-09-12,2026-02-26,108,263.0,1317.0,5.01
37780,さくらインターネット,情報･通信業,2023-12-27,2024-03-07,45,2049.0,10270.0,5.01
27370,トーメンデバイス,卸売業,2025-10-01,2026-08-05,205,6670.0,33400.0,5.01
44920,ゼネテック,情報･通信業,2023-05-12,2024-03-19,210,208.3,1044.0,5.01
48330,Ｄｅｆ　ｃｏｎｓｕｌｔｉｎｇ,サービス業,2025-04-24,2025-09-02,88,77.0,386.0,5.01
60260,,,2023-07-31,2024-06-20,218,2890.0,14490.0,5.01
60850,アーキテクツ・スタジオ・ジャパン,サービス業,2026-02-05,2026-03-03,16,57.7,289.1,5.01
90990,,,2023-06-13,2024-06-05,240,1198.0,6000.0,5.01
41070,伊勢化学工業,化学,2023-12-22,2024-06-14,115,789.0,3950.0,5.01
50160,ＪＸ金属,非鉄金属,2025-08-04,2026-03-02,138,869.6,4356.0,5.01
44220,ＶＡＬＵＥＮＥＸ,情報･通信業,2026-01-06,2026-04-08,62,178.0,891.0,5.01
39970,トレードワークス,情報･通信業,2025-04-09,2026-02-16,207,114.2,571.0,5.0
34980,霞ヶ関キャピタル,不動産業,2023-05-19,2024-03-29,212,1830.0,9150.0,5.0
31890,ＡＮＡＰホールディングス,小売業,2024-12-26,2025-06-17,112,334.0,1671.0,5.0
33990,丸千代山岡家,小売業,2023-04-19,2024-03-22,226,390.6,1955.0,5.0
18440,大盛工業,建設業,2025-05-16,2025-09-04,77,276.0,1380.0,5.0
45880,オンコリスバイオファーマ,医薬品,2025-09-30,2026-03-06,104,630.0,3150.0,5.0
63300,東洋エンジニアリング,建設業,2025-10-03,2026-01-15,67,1473.0,7370.0,5.0
74090,ＡｅｒｏＥｄｇｅ,輸送用機器,2025-08-12,2026-02-25,130,555.8,2780.0,5.0
