利確%,5日,10日,15日,20日,区分,指標
+6%,0.12691437811395725,0.0976913437913988,0.07229016205353768,0.06183543278121605,全売られすぎ(乖離マイナス全部),平均リターン
+8%,0.2305773180259664,0.23966390160908652,0.23751025108985666,0.2331570917010576,全売られすぎ(乖離マイナス全部),平均リターン
+10%,0.30060834964555094,0.3483271206605999,0.3673321160579689,0.3735300362825884,全売られすぎ(乖離マイナス全部),平均リターン
+12%,0.35196953702562933,0.4326532402104757,0.4769371690435014,0.4914306740862598,全売られすぎ(乖離マイナス全部),平均リターン
+15%,0.4003214452199087,0.5223113246823323,0.5970046301262417,0.6295674954362767,全売られすぎ(乖離マイナス全部),平均リターン
+20%,0.44635728715482753,0.6156624192556512,0.7342980462239751,0.7932395604227245,全売られすぎ(乖離マイナス全部),平均リターン
なし,0.5345233966942922,0.8024403527983006,1.021747256516488,1.152844401466021,全売られすぎ(乖離マイナス全部),平均リターン
+6%,52.466989519094234,53.462063909899705,54.14008492268202,55.015964053785936,全売られすぎ(乖離マイナス全部),勝率
+8%,52.21131704635833,52.63028556196061,52.6737310559498,52.92813258084147,全売られすぎ(乖離マイナス全部),勝率
+10%,52.119291612360556,52.28582852953917,51.97784843093053,51.8844252523821,全売られすぎ(乖離マイナス全部),勝率
+12%,52.07806754916698,52.11422478424578,51.6399078268044,51.32922630609301,全売られすぎ(乖離マイナス全部),勝率
+15%,52.03684348597341,51.97594215454333,51.36947200426697,50.87906499829106,全売られすぎ(乖離マイナス全部),勝率
+20%,52.01602325203726,51.895138449235276,51.199459961747294,50.58062472385938,全売られすぎ(乖離マイナス全部),勝率
なし,52.00561313506918,51.84099163639999,51.075701195501345,50.34679093341781,全売られすぎ(乖離マイナス全部),勝率
+6%,0.16419714706130015,0.09979966914372643,0.06288435508507145,0.020358809288826576,移動平均-10〜-5乖離,平均リターン
+8%,0.2968214749730784,0.28864436344049427,0.27430716599606453,0.2200839432315095,移動平均-10〜-5乖離,平均リターン
+10%,0.3768454473014585,0.41602632036024784,0.41475358358359393,0.3629046051288908,移動平均-10〜-5乖離,平均リターン
+12%,0.4308193100404976,0.516511792748232,0.5430534018967448,0.5002390393153672,移動平均-10〜-5乖離,平均リターン
+15%,0.4799492240830807,0.6197174935196492,0.6691891995089748,0.6465456122518484,移動平均-10〜-5乖離,平均リターン
+20%,0.5210137060213308,0.7123210620125224,0.8008685577350994,0.7980560110812362,移動平均-10〜-5乖離,平均リターン
なし,0.6257199241508183,0.9329715126892337,1.1408373050010567,1.222381089204857,移動平均-10〜-5乖離,平均リターン
+6%,53.25310082279259,53.8773304512294,54.79647235119267,55.76847484276729,移動平均-10〜-5乖離,勝率
+8%,52.93135208154243,52.7351330107342,52.74031493354951,52.84738600628931,移動平均-10〜-5乖離,勝率
+10%,52.796266732162586,52.16771879835916,51.62994079642323,51.17924528301887,移動平均-10〜-5乖離,勝率
+12%,52.725039911580495,51.926997617351574,51.13125506669615,50.385711477987414,移動平均-10〜-5乖離,勝率
+15%,52.67591796635147,51.73049053081476,50.71117989534969,49.73466981132076,移動平均-10〜-5乖離,勝率
+20%,52.656269188259856,51.62241163321952,50.453239000663274,49.258058176100626,移動平均-10〜-5乖離,勝率
なし,52.6341643129068,51.54626513718651,50.28373498415506,48.926395440251575,移動平均-10〜-5乖離,勝率
+6%,0.9724495662031603,0.9912542807165834,0.9535878322767786,0.9604912808547906,移動平均-20〜-10乖離,平均リターン
+8%,1.3458259873939493,1.4615896567203477,1.4507317278862515,1.4355662106627527,移動平均-20〜-10乖離,平均リターン
+10%,1.606386104028115,1.8274431299417688,1.8715954326992035,1.8200018289196893,移動平均-20〜-10乖離,平均リターン
+12%,1.7947045964072292,2.1212658569086456,2.239283674555477,2.175656921982846,移動平均-20〜-10乖離,平均リターン
+15%,1.96602498727248,2.4179109445406475,2.6345078444987404,2.573492482144148,移動平均-20〜-10乖離,平均リターン
+20%,2.1058520687906803,2.696184320185168,3.0519705488407745,3.018087186581159,移動平均-20〜-10乖離,平均リターン
なし,2.2923882483662563,3.0999281636349933,3.6762682466468584,3.7589261813517636,移動平均-20〜-10乖離,平均リターン
+6%,59.92210682492581,62.190900098911975,63.38446313706086,64.53269004762788,移動平均-20〜-10乖離,勝率
+8%,58.98862512363996,60.33011869436202,60.62592775853538,60.957506030803486,移動平均-20〜-10乖離,勝率
+10%,58.62388724035609,59.36572700296736,58.98688767936665,58.77404589596091,移動平均-20〜-10乖離,勝率
+12%,58.48788328387735,58.858803165182984,58.15190499752598,57.512216242964065,移動平均-20〜-10乖離,勝率
+15%,58.37042532146389,58.48170128585559,57.45299356754082,56.39265169790314,移動平均-20〜-10乖離,勝率
+20%,58.290059347181014,58.23442136498517,56.97674418604651,55.668955279272595,移動平均-20〜-10乖離,勝率
なし,58.246785361028685,58.024233432245296,56.593270658090056,55.000927815921315,移動平均-20〜-10乖離,勝率
+6%,1.684973977814197,1.628458220205322,1.6792450984168885,1.6471897280403849,移動平均-30〜-20乖離,平均リターン
+8%,2.4839417566429027,2.4748226263451403,2.5547070004942283,2.5099787959391073,移動平均-30〜-20乖離,平均リターン
+10%,3.214346578779396,3.3437807065276304,3.472681643433415,3.4223160985782215,移動平均-30〜-20乖離,平均リターン
+12%,3.7831256120724315,4.039356955139786,4.248185917374181,4.15650405249358,移動平均-30〜-20乖離,平均リターン
+15%,4.4848461683395024,4.988347228698115,5.357613162789794,5.226885120701643,移動平均-30〜-20乖離,平均リターン
+20%,5.129214429303048,6.0191466890337955,6.801525770104916,6.623805361640571,移動平均-30〜-20乖離,平均リターン
なし,5.7846238474545535,7.351391202116647,9.0020320153853,8.85288970758798,移動平均-30〜-20乖離,平均リターン
+6%,66.64308454191723,68.75442321302194,69.7098372257608,70.20523708421797,移動平均-30〜-20乖離,勝率
+8%,65.72338167668907,66.94975230007077,67.40976645435244,67.62208067940551,移動平均-30〜-20乖離,勝率
+10%,65.40502299257163,66.2420382165605,66.52512384996461,66.2420382165605,移動平均-30〜-20乖離,勝率
+12%,65.08666430845419,65.4281670205237,65.60509554140127,64.82661004954,移動平均-30〜-20乖離,勝率
+15%,64.76830562433675,65.00353857041755,64.96815286624204,63.65888181174806,移動平均-30〜-20乖離,勝率
+20%,64.37920056597099,64.50813871196037,64.15428167020524,62.34961075725407,移動平均-30〜-20乖離,勝率
なし,64.37920056597099,64.18966737438076,63.44656758669498,61.111111111111114,移動平均-30〜-20乖離,勝率
+6%,-0.01139997443938252,-0.10208708046407096,-0.12584056422092302,-0.1610175564217739,移動平均-30以下乖離,平均リターン
+8%,0.2348095956016808,0.15648715866150878,0.16052680925596563,0.08614730305779972,移動平均-30以下乖離,平均リターン
+10%,0.4371341685782862,0.3922957155590215,0.413685576734849,0.42729808434243566,移動平均-30以下乖離,平均リターン
+12%,0.6293768164381733,0.6123537665424781,0.6415722673213465,0.6756981780391194,移動平均-30以下乖離,平均リターン
+15%,0.8178954270068215,0.8074340493503837,0.8977196736221148,0.9586608205420624,移動平均-30以下乖離,平均リターン
+20%,1.0678231684592852,1.1382794380101935,1.3235573430099208,1.4918933802647076,移動平均-30以下乖離,平均リターン
なし,1.5221076464678376,1.9298385011194412,2.397446275969315,2.74437303971618,移動平均-30以下乖離,平均リターン
+6%,52.90227773695811,53.899926416482714,55.04789977892409,56.47362596827739,移動平均-30以下乖離,勝率
+8%,52.0940484937546,52.354672553348045,52.837140751658076,53.3382515676872,移動平均-30以下乖離,勝率
+10%,51.72667156502572,51.434878587196465,51.58437730287398,52.047215049797124,移動平均-30以下乖離,勝率
+12%,51.616458486407055,50.993377483443716,50.773765659543116,50.79306528956104,移動平均-30以下乖離,勝率
+15%,51.39603232916973,50.55187637969095,49.926308032424465,49.57580228697898,移動平均-30以下乖離,勝率
+20%,51.32255694342396,50.18395879323032,49.52100221075903,49.09627443747694,移動平均-30以下乖離,勝率
なし,51.10213078618663,49.74245768947756,48.673544583640385,47.62080413131686,移動平均-30以下乖離,勝率
