buy_date,code,sector,buy_price,shares,buy_amount,buy_fee,sell_date,reason,sell_price,sell_amount,sell_fee,net_pnl
2024-11-01,47770,情報･通信業,223.0,22400,4995200.0,1018,2024-11-06,SL(-5%),211.8,4744320.0,1018,-252916.0
2024-11-05,79010,その他製品,1230.0,3800,4674000.0,1018,2024-11-06,SL(-5%),1168.5,4440300.0,1018,-235736.0
2024-11-01,76870,卸売業,437.0,11400,4981800.0,1018,2024-11-13,TP(+10%),480.7,5479980.0,1430,495732.0
2024-11-06,26560,小売業,94.0,48100,4521400.0,1018,2024-11-07,SL(-5%),89.3,4295330.0,1018,-228106.0
2024-11-07,67310,電気機器,81.0,60300,4884300.0,1018,2024-11-08,SL(-5%),77.0,4643100.0,1018,-243236.0
2024-11-07,51310,情報･通信業,158.0,30900,4882200.0,1018,2024-11-08,TP(+10%),173.8,5370420.0,1430,485772.0
2024-11-08,17830,不動産業,41.0,122200,5010200.0,1430,2024-11-15,SL(-5%),38.9,4753580.0,1018,-259068.0
2024-11-08,60260,その他,6370.0,700,4459000.0,1018,2024-11-13,SL(-5%),6051.5,4236050.0,1018,-224986.0
2024-11-11,66340,電気機器,101.0,47200,4767200.0,1018,2024-11-12,TP(+10%),111.1,5243920.0,1430,474272.0
2024-11-11,73860,その他,2570.0,1600,4112000.0,1018,2024-11-12,SL(-5%),2441.5,3906400.0,1018,-207636.0
2024-11-12,76150,小売業,99.0,49500,4900500.0,1018,2024-11-13,TP(+10%),108.9,5390550.0,1430,487602.0
2024-11-12,66340,電気機器,115.0,37900,4358500.0,1018,2024-11-13,SL(-5%),109.2,4138680.0,1018,-221856.0
2024-11-13,65480,サービス業,210.0,23900,5019000.0,1430,2024-11-20,SL(-5%),199.5,4768050.0,1018,-253398.0
2024-11-13,41680,情報･通信業,851.0,5300,4510300.0,1018,2024-11-20,SL(-5%),808.4,4284520.0,1018,-227816.0
2024-11-20,92360,サービス業,1071.0,4400,4712400.0,1018,2024-11-21,SL(-5%),1017.4,4476560.0,1018,-237876.0
2024-11-20,45760,医薬品,112.0,38700,4334400.0,1018,2024-11-21,TP(+10%),123.2,4767840.0,1018,431404.0
2024-11-21,52470,情報･通信業,1567.0,2700,4230900.0,1018,2024-11-22,TP(+10%),1723.7,4653990.0,1018,421054.0
2024-11-22,52470,情報･通信業,1699.0,2800,4757200.0,1018,2024-11-25,TP(+10%),1868.9,5232920.0,1430,473272.0
2024-11-25,50280,情報･通信業,392.0,13300,5213600.0,1430,2024-11-26,SL(-5%),372.4,4952920.0,1018,-263128.0
2024-11-21,69690,電気機器,499.0,9800,4890200.0,1018,2024-12-04,SL(-5%),474.0,4645200.0,1018,-247036.0
2024-11-26,65790,サービス業,382.0,13000,4966000.0,1018,2024-12-03,SL(-5%),362.9,4717700.0,1018,-250336.0
2024-12-03,94170,情報･通信業,314.0,15700,4929800.0,1018,2024-12-05,SL(-5%),298.3,4683310.0,1018,-248526.0
2024-12-04,52420,情報･通信業,1720.0,2700,4644000.0,1018,2024-12-05,SL(-5%),1634.0,4411800.0,1018,-234236.0
2024-12-05,70350,サービス業,234.0,19100,4469400.0,1018,2024-12-10,SL(-5%),222.3,4245930.0,1018,-225506.0
2024-12-06,65370,サービス業,392.0,10800,4233600.0,1018,2024-12-10,SL(-5%),372.4,4021919.9999999995,1018,-213716.00000000047
2024-11-08,51310,情報･通信業,162.0,3300,534600.0,330,2024-12-17,SL(-5%),153.9,507870.0,330,-27390.0
2024-12-09,66960,電気機器,402.0,10000,4020000.0,1018,2024-12-11,SL(-5%),381.9,3819000.0,1018,-203036.0
2024-12-11,49370,化学,1400.0,3100,4340000.0,1018,2024-12-12,TP(+10%),1540.0,4774000.0,1018,431964.0
2024-12-12,40750,情報･通信業,741.0,6200,4594200.0,1018,2024-12-16,SL(-5%),703.9,4364180.0,1018,-232056.0
2024-12-13,67210,電気機器,80.0,56000,4480000.0,1018,2024-12-26,TP(+10%),88.0,4928000.0,1018,445964.0
2024-12-26,43810,情報･通信業,481.0,9700,4665700.0,1018,2024-12-27,TP(+10%),529.1,5132270.0,1430,464122.0
2024-12-27,70440,サービス業,250.0,19700,4925000.0,1018,2024-12-30,SL(-5%),237.5,4678750.0,1018,-248286.0
2024-12-27,56180,情報･通信業,287.0,700,200900.0,220,2024-12-30,SL(-5%),272.6,190820.00000000003,154,-10453.99999999997
2024-12-03,76250,小売業,381.0,11600,4419600.0,1018,2025-01-10,SL(-5%),361.9,4198040.0,1018,-223596.0
2024-12-30,65220,電気機器,490.0,9800,4802000.0,1018,2025-01-06,TP(+10%),539.0,5282200.0,1430,477752.0
2025-01-06,62280,機械,1211.0,4000,4844000.0,1018,2025-01-21,SL(-5%),1150.5,4602000.0,1018,-244036.0
2025-01-06,38580,情報･通信業,497.0,9400,4671800.0,1018,2025-01-21,SL(-5%),472.1,4437740.0,1018,-236096.0
2025-01-21,74260,卸売業,1461.0,3000,4383000.0,1018,2025-01-22,SL(-5%),1388.0,4164000.0,1018,-221036.0
2025-01-22,78150,その他製品,677.0,6100,4129700.0,1018,2025-01-23,SL(-5%),643.1,3922910.0,1018,-208826.0
2025-01-23,42400,化学,244.0,16200,3952800.0,1018,2025-01-27,TP(+10%),268.4,4348080.0,1018,393244.0
2024-12-26,39080,情報･通信業,315.0,1000,315000.0,220,2025-02-04,TP(+10%),346.5,346500.0,220,31060.0
2025-01-21,93300,サービス業,834.0,5600,4670400.0,1018,2025-02-17,TP(+10%),917.4,5137440.0,1430,464592.0
2025-02-10,53800,ガラス･土石製品,2087.0,2300,4800100.0,1018,2025-02-12,TP(+10%),2295.7,5280110.0,1430,477562.0
2025-02-12,23880,その他金融業,70.0,73700,5159000.0,1430,2025-02-14,SL(-5%),66.5,4901050.0,1018,-260398.0
2025-02-13,31370,小売業,222.0,22600,5017200.0,1430,2025-02-14,TP(+10%),244.2,5518920.0,1430,498860.0
2025-02-14,93440,サービス業,845.0,6200,5239000.0,1430,2025-02-20,SL(-5%),802.8,4977360.0,1018,-264088.0
2025-02-14,66480,電気機器,769.0,300,230700.0,220,2025-02-20,TP(+10%),845.9,253770.0,220,22630.0
2025-02-17,50330,情報･通信業,1020.0,5000,5100000.0,1430,2025-02-20,SL(-5%),969.0,4845000.0,1018,-257448.0
2025-02-18,91620,サービス業,351.0,14300,5019300.0,1430,2025-02-19,TP(+10%),386.1,5521230.0,1430,499070.0
2025-02-19,47070,サービス業,367.0,700,256900.0,220,2025-03-05,SL(-5%),348.6,244020.00000000003,220,-13319.99999999997
2025-01-24,92560,サービス業,808.0,5400,4363200.0,1018,2025-04-11,SL(-5%),767.6,4145040.0,1018,-220196.0
2025-02-10,70350,サービス業,214.0,3100,663400.0,330,2025-04-11,SL(-5%),203.3,630230.0,330,-33830.0
2025-04-11,31370,小売業,200.5,25100,5032550.0,1430,2025-04-14,TP(+10%),220.6,5537060.0,1430,501650.0
2025-02-19,70910,サービス業,990.0,5300,5247000.0,1430,2025-04-21,TP(+10%),1089.0,5771700.0,1430,521840.0
2025-04-14,38030,情報･通信業,477.0,11300,5390100.0,1430,2025-04-15,TP(+10%),524.7,5929110.000000001,1430,536150.0000000009
2025-04-15,61470,機械,301.0,19600,5899600.0,1430,2025-04-16,TP(+10%),331.1,6489560.0,1430,587100.0
2025-04-15,30770,小売業,309.0,19100,5901900.0,1430,2025-04-18,TP(+10%),339.9,6492090.0,1430,587330.0
2025-04-16,68400,電気機器,235.0,27700,6509500.0,1430,2025-04-17,SL(-5%),223.2,6182640.0,1430,-329720.0
2025-04-16,60850,サービス業,16.1,404600,6514060.000000001,1430,2025-04-17,SL(-5%),15.3,6190380.0,1430,-326540.00000000093
2025-04-17,92410,サービス業,1202.0,5100,6130200.0,1430,2025-04-23,TP(+10%),1322.2,6743220.0,1430,610160.0
2025-04-17,92400,サービス業,345.0,17900,6175500.0,1430,2025-04-21,SL(-5%),327.8,5867620.0,1430,-310740.0
2025-04-18,30770,小売業,308.0,20500,6314000.0,1430,2025-05-13,TP(+10%),338.8,6945400.0,1430,628540.0
2025-05-07,38400,情報･通信業,99.0,3300,326700.0,220,2025-05-26,SL(-5%),94.0,310200.0,220,-16940.0
2025-04-18,47350,サービス業,342.0,18500,6327000.0,1430,2025-05-29,TP(+10%),376.2,6959700.0,1430,629840.0
2025-05-23,78650,その他製品,628.0,11000,6908000.0,1430,2025-05-30,SL(-5%),596.6,6562600.0,1430,-348260.0
2025-05-26,92400,サービス業,383.0,17100,6549300.0,1430,2025-05-27,TP(+10%),421.3,7204230.0,1430,652070.0
2025-05-07,75780,小売業,128.0,51900,6643200.0,1430,2025-06-06,SL(-5%),121.6,6311040.0,1430,-335020.0
2025-05-23,130A0,医薬品,670.0,500,335000.0,220,2025-06-09,SL(-5%),636.5,318250.0,220,-17190.0
2025-05-27,74620,小売業,176.0,40300,7092800.0,1430,2025-06-09,TP(+10%),193.6,7802080.0,1430,706420.0
2025-06-02,70780,サービス業,539.0,11900,6414100.0,1430,2025-06-03,SL(-5%),512.0,6092800.0,1430,-324160.0
2025-06-03,60540,サービス業,158.0,45000,7110000.0,1430,2025-06-10,SL(-5%),150.1,6754500.0,1430,-358360.0
2025-06-04,39860,情報･通信業,497.66666666666663,13600,6768266.666666666,1430,2025-06-13,SL(-5%),472.8,6430080.0,1430,-341046.66666666605
2025-06-05,36340,情報･通信業,639.0,10000,6390000.0,1430,2025-06-06,SL(-5%),607.0,6070000.0,1430,-322860.0
2025-06-03,41790,情報･通信業,331.0,21500,7116500.0,1430,2025-06-13,SL(-5%),314.4,6759599.999999999,1430,-359760.00000000093
2025-06-09,48830,医薬品,106.0,60600,6423600.0,1430,2025-06-10,TP(+10%),116.6,7065960.0,1430,639500.0
2025-06-10,288A0,サービス業,222.0,30400,6748800.0,1430,2025-06-11,TP(+10%),244.2,7423680.0,1430,672020.0
2025-06-10,93480,サービス業,655.0,500,327500.0,220,2025-06-11,SL(-5%),622.2,311100.0,220,-16840.0
2025-06-11,37440,情報･通信業,418.0,16900,7064200.0,1430,2025-06-12,SL(-5%),397.1,6710990.0,1430,-356070.0
2025-06-11,52550,情報･通信業,110.0,6200,682000.0,330,2025-06-12,TP(+10%),121.0,750200.0,330,67540.0
2025-06-12,38410,情報･通信業,1526.0,4500,6867000.0,1430,2025-06-13,TP(+10%),1678.6,7553700.0,1430,683840.0
2025-06-12,52550,情報･通信業,122.0,4800,585600.0,330,2025-06-13,TP(+10%),134.2,644160.0,330,57900.0
2025-06-13,38410,情報･通信業,1571.0,4600,7226600.0,1430,2025-06-16,SL(-5%),1492.4,6865040.0,1430,-364420.0
2025-06-16,49360,化学,490.0,14200,6958000.0,1430,2025-06-17,SL(-5%),465.5,6610100.0,1430,-350760.0
2025-06-17,55770,その他,932.0,7100,6617200.0,1430,2025-06-18,SL(-5%),885.4,6286340.0,1430,-333720.0
2025-06-18,157A0,サービス業,557.0,11200,6238400.0,1430,2025-06-19,SL(-5%),529.1,5925920.0,1430,-315340.0
2025-06-19,45740,医薬品,287.0,20800,5969600.0,1430,2025-06-20,TP(+10%),315.7,6566560.0,1430,594100.0
2025-06-20,45940,医薬品,48.0,136800,6566400.0,1430,2025-06-23,TP(+10%),52.8,7223040.0,1430,653780.0
2025-06-13,70730,サービス業,2161.0,400,864400.0,330,2025-06-30,TP(+10%),2377.1,950840.0,330,85780.0
2025-06-23,95610,サービス業,873.0,8200,7158600.0,1430,2025-06-25,SL(-5%),829.3,6800260.0,1430,-361200.0
2025-06-24,24590,サービス業,254.0,27900,7086600.0,1430,2025-06-25,SL(-5%),241.3,6732270.0,1430,-357190.0
2025-06-24,52160,ガラス･土石製品,230.0,3100,713000.0,330,2025-06-25,SL(-5%),218.5,677350.0,330,-36310.0
2025-06-06,36340,情報･通信業,567.0,10700,6066900.0,1430,2025-07-02,TP(+10%),623.7,6673590.000000001,1430,603830.0000000009
2025-06-25,77330,精密機器,1691.5,300,507450.0,330,2025-06-27,SL(-5%),1606.9,482070.0,220,-25930.0
2025-06-26,43160,情報･通信業,377.0,19000,7163000.0,1430,2025-07-04,TP(+10%),414.7,7879300.0,1430,713440.0
2025-06-30,72730,輸送用機器,795.0,9500,7552500.0,1430,2025-07-01,SL(-5%),755.2,7174400.0,1430,-380960.0
2025-06-30,80110,繊維製品,868.6666666666666,300,260600.0,220,2025-07-23,TP(+10%),955.5,286650.0,220,25610.0
2025-06-25,39610,その他,638.0,10800,6890400.0,1430,2025-08-21,TP(+10%),701.8,7579439.999999999,1430,686179.9999999991
2025-06-09,29910,不動産業,572.5,600,343500.0,220,2025-08-22,TP(+10%),629.8,377880.0,220,33940.0
2025-08-15,93450,サービス業,1234.5,6200,7653900.0,1430,2025-08-18,SL(-5%),1172.8,7271360.0,1430,-385400.0
2025-08-15,37960,情報･通信業,332.5,600,199500.0,154,2025-08-18,SL(-5%),315.9,189540.0,154,-10268.0
2025-08-18,37960,情報･通信業,282.5,26700,7542750.0,1430,2025-08-19,SL(-5%),268.4,7166279.999999999,1430,-379330.00000000093
2025-08-19,33170,小売業,1507.5,4800,7236000.0,1430,2025-08-20,SL(-5%),1432.1,6874080.0,1430,-364780.0
2025-07-01,70690,サービス業,361.5,20000,7230000.0,1430,2025-08-27,TP(+10%),397.7,7954000.0,1430,721140.0
2025-08-20,23750,サービス業,283.0,24200,6848600.0,1430,2025-08-22,SL(-5%),268.8,6504960.0,1430,-346500.0
2025-08-21,44290,情報･通信業,1037.0,6900,7155300.0,1430,2025-08-27,TP(+10%),1140.7,7870830.0,1430,712670.0
2025-08-22,38070,情報･通信業,160.0,48200,7712000.0,1430,2025-08-25,TP(+10%),176.0,8483200.0,1430,768340.0
2025-08-25,36240,情報･通信業,135.0,60000,8100000.0,1430,2025-08-26,TP(+10%),148.5,8910000.0,1430,807140.0
2025-08-25,40730,情報･通信業,710.0,700,497000.0,220,2025-08-27,SL(-5%),674.5,472150.0,220,-25290.0
2025-08-26,40730,情報･通信業,735.0,11500,8452500.0,1430,2025-08-27,SL(-5%),698.2,8029300.000000001,1430,-426059.99999999907
2025-08-26,36240,情報･通信業,135.0,7200,972000.0,330,2025-08-28,SL(-5%),128.2,923039.9999999999,330,-49620.00000000012
2025-08-27,36810,その他,180.0,45800,8244000.0,1430,2025-08-28,SL(-5%),171.0,7831800.0,1430,-415060.0
2025-08-27,70690,サービス業,463.5,1500,695250.0,330,2025-08-28,TP(+10%),509.9,764850.0,330,68940.0
2025-08-28,21560,サービス業,426.0,18900,8051400.0,1430,2025-08-29,TP(+10%),468.6,8856540.0,1430,802280.0
2025-08-28,70690,サービス業,451.0,1200,541200.0,330,2025-08-29,SL(-5%),428.4,514080.0,330,-27780.0
2025-08-29,21560,サービス業,419.0,20200,8463800.0,1430,2025-09-02,SL(-5%),398.0,8039600.0,1430,-427060.0
2025-08-29,37790,情報･通信業,250.0,3600,900000.0,330,2025-09-02,SL(-5%),237.5,855000.0,330,-45660.0
2025-09-02,30700,卸売業,184.0,44700,8224800.0,1430,2025-09-04,SL(-5%),174.8,7813560.000000001,1430,-414099.99999999907
2025-09-02,168A0,その他製品,1385.0,400,554000.0,330,2025-09-04,SL(-5%),1315.8,526320.0,330,-28340.0
2025-09-04,73760,サービス業,744.3333333333333,10700,7964366.666666666,1430,2025-09-05,TP(+10%),818.8,8761160.0,1430,793933.333333334
2025-09-04,70640,サービス業,1302.0,300,390600.0,220,2025-09-09,TP(+10%),1432.2,429660.0,220,38620.0
2025-09-05,72560,輸送用機器,113.0,74500,8418500.0,1430,2025-09-09,SL(-5%),107.3,7993850.0,1430,-427510.0
2025-09-05,73760,サービス業,720.0,1200,864000.0,330,2025-09-08,SL(-5%),684.0,820800.0,330,-43860.0
2025-09-08,62280,機械,990.0,8200,8118000.0,1430,2025-09-09,TP(+10%),1089.0,8929800.0,1430,808940.0
2025-09-09,142A0,サービス業,1024.0,8300,8499200.0,1430,2025-09-10,SL(-5%),972.8,8074240.0,1430,-427820.0
2025-09-09,38030,情報･通信業,1346.0,300,403800.0,220,2025-09-10,TP(+10%),1480.6,444180.0,220,39940.0
2025-09-10,43760,情報･通信業,200.0,42000,8400000.0,1430,2025-09-11,SL(-5%),190.0,7980000.0,1430,-422860.0
2025-09-11,52560,情報･通信業,2230.0,3600,8028000.0,1430,2025-09-18,TP(+10%),2453.0,8830800.0,1430,799940.0
2025-09-08,190A0,医薬品,149.0,4700,700300.0,330,2025-09-22,TP(+10%),163.9,770330.0,330,69370.0
2025-09-12,95560,サービス業,4165.0,2000,8330000.0,1430,2025-09-17,TP(+10%),4581.5,9163000.0,1430,830140.0
2025-09-12,39300,情報･通信業,1067.0,500,533500.0,330,2025-09-16,SL(-5%),1013.6,506800.0,330,-27360.0
2025-09-16,44220,情報･通信業,198.66666666666666,45400,9019466.666666666,1430,2025-09-18,SL(-5%),188.7,8566980.0,1430,-455346.66666666605
2025-09-16,324A0,サービス業,1338.0,1100,1471800.0,605,2025-09-17,SL(-5%),1271.1,1398210.0,605,-74800.0
2025-09-17,77070,精密機器,230.0,38000,8740000.0,1430,2025-09-18,SL(-5%),218.5,8303000.0,1430,-439860.0
2025-09-17,73780,サービス業,1613.0,700,1129100.0,605,2025-09-19,SL(-5%),1532.3,1072610.0,605,-57700.0
2025-09-18,39960,情報･通信業,355.0,23900,8484500.0,1430,2025-09-25,TP(+10%),390.5,9332950.0,1430,845590.0
2025-09-19,37780,情報･通信業,3740.0,2300,8602000.0,1430,2025-09-24,SL(-5%),3553.0,8171900.0,1430,-432960.0
2025-09-19,93450,サービス業,1134.0,600,680400.0,330,2025-09-22,SL(-5%),1077.3,646380.0,330,-34680.0
2025-08-18,67970,電気機器,1205.0,200,241000.0,220,2025-09-30,TP(+10%),1325.5,265100.0,220,23660.0
2025-09-18,52160,ガラス･土石製品,190.0,5200,988000.0,330,2025-09-30,TP(+10%),209.0,1086800.0,605,97865.0
2025-09-22,190A0,医薬品,147.0,59100,8687700.0,1430,2025-09-25,SL(-5%),139.7,8256269.999999999,1430,-434290.00000000093
2025-09-24,25300,その他,17100.0,400,6840000.0,1430,2025-09-29,TP(+10%),18810.0,7524000.0,1430,681140.0
2025-09-24,26290,その他,4241.0,600,2544600.0,605,2025-09-25,TP(+10%),4665.1,2799060.0,605,253250.0
2025-09-24,25530,その他,2603.0,100,260300.0,220,2025-09-25,TP(+10%),2863.3,286330.0,220,25590.0
2025-09-25,45760,医薬品,158.0,57100,9021800.0,1430,2025-09-26,TP(+10%),173.8,9923980.0,1430,899320.0
2025-09-25,48960,医薬品,721.0,2300,1658300.0,605,2025-09-29,TP(+10%),793.1,1824130.0,605,164620.0
2025-09-26,45760,医薬品,146.0,65400,9548400.0,1430,2025-10-08,SL(-5%),138.7,9070980.0,1430,-480280.0
2025-09-26,37530,情報･通信業,203.0,11100,2253300.0,605,2025-10-14,SL(-5%),192.8,2140080.0,605,-114430.0
2025-10-08,338A0,情報･通信業,3980.0,2300,9154000.0,1430,2025-10-09,SL(-5%),3781.0,8696300.0,1430,-460560.0
2025-10-08,48890,医薬品,1892.0,1000,1892000.0,605,2025-10-10,TP(+10%),2081.2,2081199.9999999998,605,187989.99999999977
2025-10-09,60850,サービス業,26.8,340300,9120040.0,1430,2025-10-10,SL(-5%),25.5,8677650.0,1430,-445250.0
2025-10-09,72560,輸送用機器,107.0,16900,1808300.0,605,2025-10-10,SL(-5%),101.6,1717040.0,605,-92470.0
2025-10-10,62550,機械,602.0,14700,8849400.0,1430,2025-10-20,TP(+10%),662.2,9734340.0,1430,882080.0
2025-10-10,47600,サービス業,1884.0,800,1507200.0,605,2025-10-20,SL(-5%),1789.8,1431840.0,605,-76570.0
2025-10-20,70710,サービス業,517.0,3700,1912900.0,605,2025-10-21,TP(+10%),568.7,2104190.0,605,190080.0
2025-10-21,70350,サービス業,248.0,8600,2132800.0,605,2025-10-22,SL(-5%),235.6,2026160.0,605,-107850.0
2025-10-22,288A0,サービス業,168.0,12100,2032800.0,605,2025-10-24,SL(-5%),159.6,1931160.0,605,-102850.0
2025-10-23,45960,医薬品,66.0,29200,1927200.0,605,2025-10-24,SL(-5%),62.7,1830840.0,605,-97570.0
2025-10-24,24590,サービス業,324.0,5600,1814400.0,605,2025-10-27,SL(-5%),307.8,1723680.0,605,-91930.0
2025-10-27,24590,サービス業,324.0,5300,1717200.0,605,2025-10-28,TP(+10%),356.4,1888919.9999999998,605,170509.99999999977
2025-08-21,39610,その他,641.0,11400,7307400.0,1430,2025-11-06,SL(-5%),608.9,6941460.0,1430,-368800.0
2025-10-20,21640,サービス業,116.65585495675317,79300,9250809.298070528,1430,2025-11-06,SL(-5%),110.8,8786440.0,1430,-467229.2980705276
2025-10-28,27640,小売業,115.0,16600,1909000.0,605,2025-11-06,SL(-5%),109.2,1812720.0,605,-97490.0
2025-11-06,39280,情報･通信業,277.0,31600,8753200.0,1430,2025-11-10,TP(+10%),304.7,9628520.0,1430,872460.0
2025-11-06,36980,情報･通信業,1073.0,8100,8691300.0,1430,2025-11-10,TP(+10%),1180.3,9560430.0,1430,866270.0
2025-11-10,31430,卸売業,770.0,12500,9625000.0,1430,2025-11-11,SL(-5%),731.5,9143750.0,1430,-484110.0
2025-11-10,45980,医薬品,476.0,20200,9615200.0,1430,2025-11-17,TP(+10%),523.6,10576720.0,1430,958660.0
2025-11-11,38030,情報･通信業,856.0,11500,9844000.0,1430,2025-11-12,TP(+10%),941.6,10828400.0,1430,981540.0
2025-11-12,38030,情報･通信業,1006.0,10300,10361800.0,1430,2025-11-13,SL(-5%),955.7,9843710.0,1430,-520950.0
2025-11-12,95570,サービス業,299.0,1500,448500.0,220,2025-11-17,SL(-5%),284.1,426150.00000000006,220,-22789.99999999994
2025-11-13,81070,繊維製品,37.0,6400,236800.0,220,2025-11-14,SL(-5%),35.1,224640.0,220,-12600.0
2025-11-11,49330,化学,1472.0,200,294400.0,220,2025-12-01,SL(-5%),1398.4,279680.0,220,-15160.0
2025-11-13,42880,情報･通信業,605.0,16600,10043000.0,1430,2025-11-26,TP(+10%),665.5,11047300.0,1430,1001440.0
2025-11-26,71380,小売業,189.0,55900,10565100.0,1430,2025-11-27,SL(-5%),179.5,10034050.0,1430,-533910.0
2025-11-27,79010,その他製品,913.0,11100,10134300.0,1430,2025-11-28,TP(+10%),1004.3,11147730.0,1430,1010570.0
2025-11-28,79010,その他製品,849.0,400,339600.0,220,2025-12-02,SL(-5%),806.5,322600.0,220,-17440.0
2025-11-28,41790,情報･通信業,294.0,36800,10819200.0,1430,2025-12-11,TP(+10%),323.4,11901120.0,1430,1079060.0
2025-12-09,52520,情報･通信業,555.0,20400,11322000.0,1430,2025-12-10,SL(-5%),527.2,10754880.0,1430,-569980.0
2025-12-09,52160,ガラス･土石製品,197.0,4700,925900.0,330,2025-12-10,SL(-5%),187.1,879370.0,330,-47190.0
2025-12-10,24590,サービス業,286.0,38600,11039600.0,1430,2025-12-12,SL(-5%),271.7,10487620.0,1430,-554840.0
2025-12-10,52440,情報･通信業,227.0,2600,590200.0,330,2025-12-16,SL(-5%),215.6,560560.0,330,-30300.0
2025-12-12,98120,小売業,267.0,40200,10733400.0,1430,2025-12-18,SL(-5%),253.6,10194720.0,1430,-541540.0
2025-12-15,55910,情報･通信業,1262.0,8000,10096000.0,1430,2025-12-18,SL(-5%),1198.9,9591200.0,1430,-507660.0
2025-12-12,82090,その他,295.0,1100,324500.0,220,2025-12-25,SL(-5%),280.2,308220.0,220,-16720.0
2025-11-26,33910,小売業,2750.0,300,825000.0,330,2026-01-09,SL(-5%),2612.5,783750.0,330,-41910.0
2026-01-05,31890,小売業,282.0,3800,1071600.0,605,2026-01-08,SL(-5%),267.9,1018019.9999999999,605,-54790.00000000012
2026-01-06,48880,医薬品,292.0,3500,1022000.0,605,2026-01-07,SL(-5%),277.4,970899.9999999999,330,-52035.00000000012
2026-01-07,241A0,情報･通信業,626.0,1500,939000.0,330,2026-01-08,TP(+10%),688.6,1032900.0,605,92965.0
2026-01-08,70740,サービス業,242.0,4400,1064800.0,605,2026-01-09,SL(-5%),229.9,1011560.0,605,-54450.0
2026-01-09,35590,卸売業,519.0,1900,986100.0,330,2026-01-13,TP(+10%),570.9,1084710.0,605,97675.0
2025-11-11,49220,化学,5059.0,1900,9612100.0,1430,2026-01-20,TP(+10%),5564.9,10573310.0,1430,958350.0
2026-01-13,137A0,情報･通信業,872.0,1200,1046400.0,605,2026-01-14,SL(-5%),828.4,994080.0,330,-53255.0
2026-01-14,44220,情報･通信業,400.0,2400,960000.0,330,2026-01-15,TP(+10%),440.0,1056000.0,605,95065.0
2026-01-15,414A0,情報･通信業,1064.0,1000,1064000.0,605,2026-01-20,SL(-5%),1010.8,1010800.0,605,-54410.0
2026-01-16,42600,情報･通信業,335.0,3000,1005000.0,605,2026-01-19,SL(-5%),318.2,954600.0,330,-51335.0
2026-01-19,45960,医薬品,67.0,14500,971500.0,330,2026-01-20,SL(-5%),63.6,922200.0,330,-49960.0
2026-01-20,33230,卸売業,105.0,8700,913500.0,330,2026-01-21,TP(+10%),115.5,1004850.0,605,90415.0
2026-01-14,65480,サービス業,147.0,72500,10657500.0,1430,2026-02-06,TP(+10%),161.7,11723250.0,1430,1062890.0
2026-02-03,38030,情報･通信業,839.0,13300,11158700.0,1430,2026-02-04,TP(+10%),922.9,12274570.0,1430,1113010.0
2026-02-03,276A0,不動産業,4190.0,100,419000.0,220,2026-02-04,TP(+10%),4609.0,460900.0,220,41460.0
2026-01-21,60630,サービス業,976.0,1000,976000.0,330,2026-02-12,TP(+10%),1073.6,1073600.0,605,96665.0
2026-02-04,23710,サービス業,1874.0,6200,11618800.0,1430,2026-02-12,SL(-5%),1780.3,11037860.0,1430,-583800.0
2026-02-04,39230,情報･通信業,740.6,1700,1259020.0,605,2026-02-10,TP(+10%),814.7,1384990.0,605,124760.0
2026-02-05,89950,不動産業,1517.0,7600,11529200.0,1430,2026-02-06,TP(+10%),1668.7,12682120.0,1430,1150060.0
2026-02-05,276A0,不動産業,4710.0,400,1884000.0,605,2026-02-06,SL(-5%),4474.5,1789800.0,605,-95410.0
2026-02-06,52420,情報･通信業,1195.0,10100,12069500.0,1430,2026-02-10,SL(-5%),1135.2,11465520.0,1430,-606840.0
2026-02-06,48810,医薬品,91.0,27500,2502500.0,605,2026-02-09,TP(+10%),100.1,2752750.0,605,249040.0
2026-02-09,17980,建設業,1310.0,9100,11921000.0,1430,2026-02-17,TP(+10%),1441.0,13113100.0,1430,1189240.0
2026-02-09,48900,医薬品,287.0,8000,2296000.0,605,2026-02-13,SL(-5%),272.6,2180800.0,605,-116410.0
2026-02-10,76150,小売業,167.0,74700,12474900.0,1430,2026-02-12,TP(+10%),183.7,13722390.0,1430,1244630.0
2026-02-10,38230,情報･通信業,72.0,39100,2815200.0,605,2026-02-12,SL(-5%),68.4,2674440.0,605,-141970.0
2026-02-12,50280,情報･通信業,450.0,28900,13005000.0,1430,2026-02-13,SL(-5%),427.5,12354750.0,1430,-653110.0
2026-02-12,37790,情報･通信業,179.0,18900,3383100.0,1018,2026-02-13,SL(-5%),170.0,3213000.0,1018,-172136.0
2026-02-13,269A0,情報･通信業,2442.0,1200,2930400.0,605,2026-02-16,SL(-5%),2319.9,2783880.0,605,-147730.0
2026-02-16,40690,情報･通信業,1030.0,2700,2781000.0,605,2026-02-18,SL(-5%),978.5,2641950.0,605,-140260.0
2026-02-17,92410,サービス業,1666.0,1500,2499000.0,605,2026-02-27,SL(-5%),1582.7,2374050.0,605,-126160.0
2026-02-20,89460,不動産業,84.0,30100,2528400.0,605,2026-02-24,TP(+10%),92.4,2781240.0,605,251630.0
2025-12-18,81660,小売業,84.0,115300,9685200.0,1430,2026-03-03,SL(-5%),79.8,9200940.0,1430,-487120.0
2026-02-24,95570,サービス業,260.0,10700,2782000.0,605,2026-02-25,SL(-5%),247.0,2642900.0,605,-140310.0
2026-02-25,70630,サービス業,129.0,91800,11842200.0,1430,2026-02-26,TP(+10%),141.9,13026420.0,1430,1181360.0
2026-02-26,70630,サービス業,154.0,83200,12812800.0,1430,2026-02-27,SL(-5%),146.3,12172160.000000002,1430,-643499.9999999981
2026-02-26,45980,医薬品,240.0,800,192000.0,154,2026-02-27,TP(+10%),264.0,211200.0,220,18826.0
2026-02-27,190A0,医薬品,167.0,74200,12391400.0,1430,2026-03-02,SL(-5%),158.7,11775540.0,1430,-618720.0
2026-03-02,29010,食料品,404.0,29100,11756400.0,1430,2026-03-11,SL(-5%),383.8,11168580.0,1430,-590680.0
2026-02-13,39860,情報･通信業,505.0,25000,12625000.0,1430,2026-03-23,SL(-5%),479.8,11995000.0,1430,-632860.0
2026-03-11,192A0,サービス業,1915.0,5800,11107000.0,1430,2026-03-19,SL(-5%),1819.2,10551360.0,1430,-558500.0
2026-03-16,281A0,情報･通信業,417.0,27100,11300700.0,1430,2026-03-27,TP(+10%),458.7,12430770.0,1430,1127210.0
2026-03-27,41670,情報･通信業,359.0,33000,11847000.0,1430,2026-03-30,TP(+10%),394.9,13031700.0,1430,1181840.0
2026-03-27,175A0,情報･通信業,732.0,800,585600.0,330,2026-03-30,SL(-5%),695.4,556320.0,330,-29940.0
2026-03-30,31370,小売業,270.0,46100,12447000.0,1430,2026-04-06,SL(-5%),256.5,11824650.0,1430,-625210.0
2026-03-30,77940,その他製品,1326.0,800,1060800.0,605,2026-04-06,SL(-5%),1259.7,1007760.0,605,-54250.0
2026-04-06,53410,ガラス･土石製品,272.0,44500,12104000.0,1430,2026-04-07,SL(-5%),258.4,11498799.999999998,1430,-608060.0000000019
2026-04-06,51290,情報･通信業,430.0,1900,817000.0,330,2026-04-07,TP(+10%),473.0,898700.0,330,81040.0
2026-04-07,51290,情報･通信業,447.0,26500,11845500.0,1430,2026-04-08,SL(-5%),424.6,11251900.0,1430,-596460.0
2026-04-08,52560,情報･通信業,2405.0,4700,11303500.0,1430,2026-04-09,SL(-5%),2284.8,10738560.0,1430,-567800.0
2026-04-09,77090,精密機器,129.0,83300,10745700.0,1430,2026-04-10,TP(+10%),141.9,11820270.0,1430,1071710.0
2026-04-10,66960,電気機器,425.0,27700,11772500.0,1430,2026-04-13,SL(-5%),403.8,11185260.0,1430,-590100.0
2026-04-13,48920,医薬品,632.0,17700,11186400.0,1430,2026-04-20,TP(+10%),695.2,12305040.0,1430,1115780.0
2026-03-16,61900,サービス業,457.0,24700,11287900.0,1430,2026-04-24,SL(-5%),434.1,10722270.0,1430,-568490.0
2026-04-14,41660,情報･通信業,726.0,16600,12051600.0,1430,2026-04-27,SL(-5%),689.7,11449020.0,1430,-605440.0
2026-04-20,39360,情報･通信業,199.0,54000,10746000.0,1430,2026-04-21,TP(+10%),218.9,11820600.0,1430,1071740.0
2026-04-21,62760,電気機器,310.0,38700,11997000.0,1430,2026-05-07,SL(-5%),294.5,11397150.0,1430,-602710.0
2026-04-21,24590,サービス業,221.0,51000,11271000.0,1430,2026-05-07,SL(-5%),209.9,10704900.0,1430,-568960.0
2026-05-07,62280,機械,701.0,15200,10655200.0,1430,2026-05-12,SL(-5%),665.9,10121680.0,1430,-536380.0
2026-05-08,17680,建設業,1083.0,9300,10071900.0,1430,2026-05-18,SL(-5%),1028.8,9567840.0,1430,-506920.0
2026-05-12,189A0,サービス業,961.0,10000,9610000.0,1430,2026-05-28,SL(-5%),912.9,9129000.0,1430,-483860.0
2026-05-25,70670,サービス業,1023.0,8900,9104700.0,1430,2026-06-02,SL(-5%),971.8,8649020.0,1430,-458540.0
2026-05-27,23380,情報･通信業,165.0,52800,8712000.0,1430,2026-05-28,TP(+10%),181.5,9583200.0,1430,868340.0
2026-05-28,65480,サービス業,118.0,81200,9581600.0,1430,2026-05-29,SL(-5%),112.1,9102520.0,1430,-481940.0
2026-05-07,93450,サービス業,570.0,20000,11400000.0,1430,2026-06-15,SL(-5%),541.5,10830000.0,1430,-572860.0
2026-05-29,44870,情報･通信業,239.0,38100,9105900.0,1430,2026-06-15,SL(-5%),227.0,8648700.0,1430,-460060.0
2026-04-14,39350,情報･通信業,648.0,400,259200.0,220,2026-06-22,TP(+10%),712.8,285120.0,220,25480.0
2026-06-15,70480,サービス業,130.0,77700,10101000.0,1430,2026-06-16,SL(-5%),123.5,9595950.0,1430,-507910.0
2026-06-15,39260,情報･通信業,261.0,35900,9369900.0,1430,2026-06-16,TP(+10%),287.1,10306890.0,1430,934130.0
2026-06-16,35590,卸売業,459.0,21400,9822600.0,1430,2026-06-17,SL(-5%),436.0,9330400.0,1430,-495060.0
2026-06-17,67210,電気機器,84.0,111400,9357600.0,1430,2026-06-18,SL(-5%),79.8,8889720.0,1430,-470740.0
2026-06-18,73690,サービス業,381.0,23300,8877300.0,1430,2026-06-23,SL(-5%),361.9,8432270.0,1430,-447890.0
2026-06-19,63430,機械,144.0,58600,8438400.0,1430,2026-06-22,TP(+10%),158.4,9282240.0,1430,840980.0
2026-06-22,52420,情報･通信業,849.0,10900,9254100.0,1430,2026-06-29,SL(-5%),806.5,8790850.0,1430,-466110.0
2026-06-23,42650,情報･通信業,380.0,23200,8816000.0,1430,2026-06-30,TP(+10%),418.0,9697600.0,1430,878740.0
2026-06-30,66960,電気機器,329.0,29400,9672600.0,1430,2026-07-01,SL(-5%),312.6,9190440.0,1430,-485020.0
2026-07-01,44240,情報･通信業,235.0,39200,9212000.0,1430,2026-07-02,SL(-5%),223.2,8749440.0,1430,-465420.0
2026-07-02,23380,情報･通信業,123.0,71100,8745300.0,1430,2026-07-03,SL(-5%),116.8,8304480.0,1430,-443680.0
2026-07-03,52420,情報･通信業,907.0,9100,8253700.0,1430,2026-07-06,SL(-5%),861.6,7840560.0,1430,-416000.0
2026-07-06,264A0,サービス業,345.0,22800,7866000.0,1430,2026-07-07,SL(-5%),327.8,7473840.0,1430,-395020.0
2026-07-07,95570,サービス業,175.0,42800,7490000.0,1430,2026-07-08,TP(+10%),192.5,8239000.0,1430,746140.0
2026-07-08,60290,サービス業,187.0,44000,8228000.0,1430,2026-07-09,TP(+10%),205.7,9050800.0,1430,819940.0
2026-07-09,51030,その他,28.0,323500,9058000.0,1430,2026-07-13,SL(-5%),26.6,8605100.0,1430,-455760.0
2026-07-10,78370,その他製品,365.0,23500,8577500.0,1430,2026-07-17,SL(-5%),346.8,8149800.0,1430,-430560.0
2026-07-14,39960,情報･通信業,248.0,32900,8159200.0,1430,2026-07-15,SL(-5%),235.6,7751240.0,1430,-410820.0
2026-07-15,45860,医薬品,79.0,98200,7757800.0,1430,2026-07-16,SL(-5%),75.0,7365000.0,1430,-395660.0
2026-07-16,175A0,情報･通信業,690.0,10600,7314000.0,1430,2026-07-21,SL(-5%),655.5,6948300.0,1430,-368560.0
2026-07-21,93420,サービス業,837.0,8300,6947100.0,1430,2026-07-27,SL(-5%),795.1,6599330.0,1430,-350630.0
2026-07-27,89950,不動産業,943.0,7000,6601000.0,1430,2026-08-03,TP(+10%),1037.3,7261100.0,1430,657240.0
2026-07-31,91580,サービス業,790.0,9200,7268000.0,1430,2026-08-04,SL(-5%),750.5,6904600.0,1430,-366260.0
2026-08-04,184A0,情報･通信業,359.0,19300,6928700.0,1430,2026-08-05,SL(-5%),341.1,6583230.0,1430,-348330.0
2026-08-05,94440,情報･通信業,325.0,20200,6565000.0,1430,2026-08-06,TP(+10%),357.5,7221500.0,1430,653640.0
2026-08-06,330A0,情報･通信業,512.0,14100,7219200.0,1430,2026-08-07,SL(-5%),486.4,6858240.0,1430,-363820.0
2026-08-07,39090,情報･通信業,207.0,33200,6872400.0,1430,2026-08-18,SL(-5%),196.6,6527120.0,1430,-348140.0
2026-08-12,33230,卸売業,102.0,64000,6528000.0,1430,2026-08-13,SL(-5%),96.9,6201600.0,1430,-329260.0
2026-08-13,23420,サービス業,259.0,23900,6190100.0,1430,2026-08-19,SL(-5%),246.0,5879400.0,1430,-313560.0
2026-04-07,47600,サービス業,1630.0,300,489000.0,220,2026-09-03,SL(-5%),1548.5,464550.0,220,-24890.0
